FirstSeen,Channel,CurrentLongitude,CurrentLatitude,AltitudeMeters,1,SSID,MAC,AccuracyMeters,RSSI,,,,,,,,,,,,,,,,,,,,,,,,,,,,,,,,,,,,
01/12/2017 10:43,model=SM-G950F_device=dreamlte,32.17223802,34.81444473,10.58036115,1,Efrat,b4:ee:b4:86:c0:f1,11,-74,,,,,,,,,,,,,,,,,,,,,,,,,,,,,,,,,,,,
01/12/2017 10:43,model=SM-G950F_device=dreamlte,32.17225202,34.81439189,17.18081812,1,angela,80:1f:02:f5:d8:e8,1,-89,,,,,,,,,,,,,,,,,,,,,,,,,,,,,,,,,,,,
01/12/2017 10:43,model=SM-G950F_device=dreamlte,32.17226522,34.81421445,22.81899152,1,KarvatB0.5,14:ae:db:cc:ed:6d,48,-89,,,,,,,,,,,,,,,,,,,,,,,,,,,,,,,,,,,,
01/12/2017 10:43,model=SM-G950F_device=dreamlte,32.17234852,34.81363859,24.55807198,1,BezeqFreeGA32E3,52:b0:ce:ac:32:98,1,-80,,,,,,,,,,,,,,,,,,,,,,,,,,,,,,,,,,,,
01/12/2017 10:43,model=LenovoPB2-690Y_device=PB2PRO,32.17237425,34.81350895,46,1,lellouche,a4:2b:b0:ad:2d:34,5,-93,,,,,,,,,,,,,,,,,,,,,,,,,,,,,,,,,,,,
01/12/2017 10:43,model=SM-G950F_device=dreamlte,32.17238059,34.81341291,25.13092549,1,dobry2016,6c:b0:ce:ac:32:9b,1,-69,,,,,,,,,,,,,,,,,,,,,,,,,,,,,,,,,,,,
01/12/2017 10:43,model=LenovoPB2-690Y_device=PB2PRO,32.17238884,34.81333642,45,1,Mevohot_1,20:0c:c8:1b:a2:48,6,-95,,,,,,,,,,,,,,,,,,,,,,,,,,,,,,,,,,,,
01/12/2017 10:43,model=SM-G950F_device=dreamlte,32.17241155,34.81318689,25.94180198,1,DIR-825-4f83,80:26:89:0d:4f:84,1,-66,,,,,,,,,,,,,,,,,,,,,,,,,,,,,,,,,,,,
01/12/2017 10:43,model=LenovoPB2-690Y_device=PB2PRO,32.17241727,34.81315388,44,3,DIR-825-4f83,80:26:89:0d:4f:84,1,-73,sellahome_2EX,74:da:38:14:1f:8d,9,-82,Mevohot_3,60:e3:27:e8:41:e8,11,-86,,,,,,,,,,,,,,,,,,,,,,,,,,,,
01/12/2017 10:43,model=LenovoPB2-690Y_device=PB2PRO,32.17243758,34.81296682,47,6,BezeqFree,06:ae:db:ba:1e:85,11,-81,sellahome,d8:fb:5e:17:47:f8,9,-83,shweiger1,14:ae:db:c1:ad:7d,1,-84,ELDAD,10:0d:7f:80:17:80,11,-87,Lahav,08:3e:5d:5c:72:5e,11,-89,Orit,c4:a8:1d:12:7d:4c,6,-91,,,,,,,,,,,,,,,,
01/12/2017 10:43,model=SM-G950F_device=dreamlte,32.17244042,34.81295646,26.35851917,1,DIR-825-4f83,80:26:89:0d:4f:84,1,-57,,,,,,,,,,,,,,,,,,,,,,,,,,,,,,,,,,,,
01/12/2017 10:43,model=LenovoPB2-690Y_device=PB2PRO,32.17246651,34.81278713,48,2,ELDAD,10:0d:7f:80:17:80,11,-73,BezeqFree,06:ae:db:c1:ad:7d,1,-87,,,,,,,,,,,,,,,,,,,,,,,,,,,,,,,,
01/12/2017 10:43,model=SM-G950F_device=dreamlte,32.17248344,34.81270507,27.12203841,2,ELDAD,10:0d:7f:80:17:80,11,-78,Eldad_2EX,80:1f:02:e8:b9:cc,11,-82,,,,,,,,,,,,,,,,,,,,,,,,,,,,,,,,
01/12/2017 10:43,model=LenovoPB2-690Y_device=PB2PRO,32.1724962,34.81260015,47,2,Eldad_2EX,80:1f:02:e8:b9:cc,11,-81,HOTBOX1234,30:b5:c2:6e:12:d4,1,-88,,,,,,,,,,,,,,,,,,,,,,,,,,,,,,,,
01/12/2017 10:43,model=LenovoPB2-690Y_device=PB2PRO,32.17253749,34.81242555,48,1,HOTBOX1234,00:78:9e:f9:f5:5b,1,-82,,,,,,,,,,,,,,,,,,,,,,,,,,,,,,,,,,,,
01/12/2017 10:43,model=LenovoPB2-690Y_device=PB2PRO,32.17255033,34.81224372,51,1,varda,c4:12:f5:85:27:c2,1,-95,,,,,,,,,,,,,,,,,,,,,,,,,,,,,,,,,,,,
01/12/2017 10:43,model=LenovoPB2-690Y_device=PB2PRO,32.17246746,34.81211077,51,2,DIR-825-4f83,80:26:89:0d:4f:84,1,-77,Miller,00:78:9e:fa:0e:5c,1,-94,,,,,,,,,,,,,,,,,,,,,,,,,,,,,,,,
01/12/2017 10:43,model=SM-G950F_device=dreamlte,32.17240151,34.81209188,29.03570911,2,urigil1,a0:ab:1b:5d:c2:60,10,-90,INGENEO,cc:b2:55:e8:4c:e6,6,-91,,,,,,,,,,,,,,,,,,,,,,,,,,,,,,,,
01/12/2017 10:43,model=Lenovo PB2-690Y_device=PB2PRO,32.17230828,34.81204165,48,1,Gil-Up,50:c7:bf:36:df:98,2,-89,,,,,,,,,,,,,,,,,,,,,,,,,,,,,,,,,,,,
01/12/2017 10:44,model=SM-G950F_device=dreamlte,32.17217553,34.81201239,29.32418163,2,Helen.,a0:ab:1b:57:cd:42,10,-79,U2I8L1M0X42,54:64:d9:66:29:ef,11,-85,,,,,,,,,,,,,,,,,,,,,,,,,,,,,,,,
01/12/2017 10:44,model=Lenovo PB2-690Y_device=PB2PRO,32.17212193,34.81196568,47,5,U2I8L1M0X42,7c:b7:33:97:35:f1,1,-73,varda,c4:12:f5:85:27:c2,1,-90,KaymeraDev,00:f6:63:15:58:81,1,-93,BenAmi_2.4,c4:04:15:60:6a:b5,11,-93,KaymeraGuest,00:f6:63:15:58:82,1,-93,,,,,,,,,,,,,,,,,,,,
01/12/2017 10:44,model=Lenovo PB2-690Y_device=PB2PRO,32.17191211,34.81189708,44,2,BenAmi_2.4,c4:04:15:60:6a:b5,11,-84,ShaniGreen,54:b8:0a:34:68:90,6,-95,,,,,,,,,,,,,,,,,,,,,,,,,,,,,,,,
01/12/2017 10:44,model=SM-G950F_device=dreamlte,32.17188758,34.81190852,29.63853148,1,Liza,8c:59:c3:ea:db:4a,1,-78,,,,,,,,,,,,,,,,,,,,,,,,,,,,,,,,,,,,
01/12/2017 10:44,model=Lenovo PB2-690Y_device=PB2PRO,32.1716947,34.81179424,42,2,BenAmi_2.4,c4:04:15:60:6a:b5,11,-77,Hilush111,6c:b0:ce:2f:43:36,1,-92,,,,,,,,,,,,,,,,,,,,,,,,,,,,,,,,
01/12/2017 10:44,model=Lenovo PB2-690Y_device=PB2PRO,32.17151458,34.81172206,43,1,GilKitchen,80:1f:02:a3:7d:62,6,-96,,,,,,,,,,,,,,,,,,,,,,,,,,,,,,,,,,,,
01/12/2017 10:44,model=SM-G950F_device=dreamlte,32.1714943,34.81175786,29.89026029,1,varda,c4:12:f5:85:27:c2,1,-87,,,,,,,,,,,,,,,,,,,,,,,,,,,,,,,,,,,,
01/12/2017 10:44,model=SM-G950F_device=dreamlte,32.1713402,34.81169556,29.78929958,2,mika1,c4:12:f5:fb:c0:3e,1,-82,donush,c0:ac:54:f5:b7:f2,1,-87,,,,,,,,,,,,,,,,,,,,,,,,,,,,,,,,
01/12/2017 10:44,model=Lenovo PB2-690Y_device=PB2PRO,32.17121725,34.81159343,41,1,DAVID,d8:fb:5e:17:1b:d6,11,-96,,,,,,,,,,,,,,,,,,,,,,,,,,,,,,,,,,,,
01/12/2017 10:44,model=SM-G950F_device=dreamlte,32.1711391,34.81159471,29.49858976,1,DAVID,d8:fb:5e:17:1b:d6,11,-92,,,,,,,,,,,,,,,,,,,,,,,,,,,,,,,,,,,,
01/12/2017 10:44,model=Lenovo PB2-690Y_device=PB2PRO,32.17106022,34.81151613,41,1,home,00:13:d4:0f:f3:ba,1,-94,,,,,,,,,,,,,,,,,,,,,,,,,,,,,,,,,,,,
01/12/2017 10:44,model=SM-G950F_device=dreamlte,32.17094199,34.81148871,29.24753475,2,home,00:13:d4:0f:f3:ba,1,-83,TP-LINK_2C3A,84:16:f9:d7:2c:3a,1,-90,,,,,,,,,,,,,,,,,,,,,,,,,,,,,,,,
01/12/2017 10:44,model=Lenovo PB2-690Y_device=PB2PRO,32.1707657,34.81134771,39,2,home,00:13:d4:0f:f3:ba,1,-88,Guymic,14:ae:db:b7:99:2d,6,-95,,,,,,,,,,,,,,,,,,,,,,,,,,,,,,,,
01/12/2017 10:44,model=SM-G950F_device=dreamlte,32.17073022,34.81136052,28.85181056,1,home,00:13:d4:0f:f3:ba,1,-77,,,,,,,,,,,,,,,,,,,,,,,,,,,,,,,,,,,,
01/12/2017 10:44,model=Lenovo PB2-690Y_device=PB2PRO,32.1706109,34.81125793,39,2,Guymic,14:ae:db:b7:99:2d,6,-88,HOTFiber-A53E,7c:b7:33:a1:7e:98,6,-90,,,,,,,,,,,,,,,,,,,,,,,,,,,,,,,,
01/12/2017 10:44,model=SM-G950F_device=dreamlte,32.1705249,34.8112437,28.48330591,5,HOTFiber-A53E,7c:b7:33:a1:7e:98,6,-80,rdk,e4:d3:f1:9a:81:60,13,-85,RDK,58:b6:33:34:81:a8,1,-85,RDK,58:b6:33:34:ae:f8,11,-85,dlink,40:9b:cd:11:2f:88,44,-92,,,,,,,,,,,,,,,,,,,,
01/12/2017 10:44,model=Lenovo PB2-690Y_device=PB2PRO,32.17044716,34.81116946,39,3,HOTFiber-A53E,7c:b7:33:a1:7e:98,6,-79,Guymic,14:ae:db:b7:99:2d,6,-81,RDK,58:b6:33:34:81:a8,1,-92,,,,,,,,,,,,,,,,,,,,,,,,,,,,
01/12/2017 10:44,model=Lenovo PB2-690Y_device=PB2PRO,32.17027335,34.81109365,38,1,devolo-0f4,30:d3:2d:37:20:f4,6,-88,,,,,,,,,,,,,,,,,,,,,,,,,,,,,,,,,,,,
01/12/2017 10:44,model=Lenovo PB2-690Y_device=PB2PRO,32.17009476,34.81099899,37,3,devolo-0f4,30:d3:2d:37:20:f4,6,-80,Neeman2.4,20:0c:c8:1d:c8:2b,1,-87,BezeqFreeF026CC,6a:0c:c8:1d:c8:28,1,-87,,,,,,,,,,,,,,,,,,,,,,,,,,,,
01/12/2017 10:44,model=SM-G950F_device=dreamlte,32.17005047,34.81100762,28.28929069,1,Neeman2.4_5,20:0c:c8:1d:c8:2c,60,-89,,,,,,,,,,,,,,,,,,,,,,,,,,,,,,,,,,,,
01/12/2017 10:44,model=Lenovo PB2-690Y_device=PB2PRO,32.16988722,34.81091198,37,6,Neeman2.4,20:0c:c8:1d:c8:2b,1,-81,BezeqFreeF026CC,6a:0c:c8:1d:c8:28,1,-81,HP-Print-20-Deskjet4640series,fc:15:b4:65:09:20,1,-83,HOTBOX12,d8:fb:5e:17:62:4d,1,-87,oved-main,74:da:3a:97:66:9e,6,-87,HOTBOX-2E6E,c0:ac:54:f7:27:42,11,-93,,,,,,,,,,,,,,,,
01/12/2017 10:44,model=SM-G950F_device=dreamlte,32.16984101,34.81092359,28.20187075,2,HP-Print-20-Deskjet4640series,fc:15:b4:65:09:20,1,-87,HOTBOX-2E6E,c0:ac:54:f7:27:42,11,-89,,,,,,,,,,,,,,,,,,,,,,,,,,,,,,,,
01/12/2017 10:44,model=Lenovo PB2-690Y_device=PB2PRO,32.16968089,34.81083325,37,1,Alpha125,30:b5:c2:e0:55:9c,6,-82,,,,,,,,,,,,,,,,,,,,,,,,,,,,,,,,,,,,
01/12/2017 10:44,model=Lenovo PB2-690Y_device=PB2PRO,32.16947978,34.81075792,37,3,BezeqFreeT00C36,5a:0c:c8:0f:21:90,1,-92,BezeqFree,62:ee:0c:39:f9:16,5,-94,ELCHARAR_2.4,20:0c:c8:0f:21:93,1,-95,,,,,,,,,,,,,,,,,,,,,,,,,,,,
01/12/2017 10:44,model=SM-G950F_device=dreamlte,32.16930329,34.81071393,27.82938003,1,edimax_2.4G_A92417,74:da:38:a9:24:17,3,-75,,,,,,,,,,,,,,,,,,,,,,,,,,,,,,,,,,,,
01/12/2017 10:44,model=Lenovo PB2-690Y_device=PB2PRO,32.1692751,34.81066887,38,2,BezeqNGN_001489_2.4GHz_1,c0:a0:bb:cb:59:5b,1,-73,netbox,d0:d4:12:65:19:a2,1,-96,,,,,,,,,,,,,,,,,,,,,,,,,,,,,,,,
01/12/2017 10:44,model=Lenovo PB2-690Y_device=PB2PRO,32.16907519,34.81060214,38,5,forestisthebest,c8:d7:19:da:03:16,6,-78,spielman,f4:f2:6d:34:56:54,1,-79,KaymeraDev,00:f6:63:15:58:81,1,-86,KaymeraGuest,00:f6:63:15:58:82,1,-86,HP-Print-C1-Deskjet4640series,28:80:23:f6:e0:c1,11,-87,,,,,,,,,,,,,,,,,,,,
01/12/2017 10:44,model=Lenovo PB2-690Y_device=PB2PRO,32.16883715,34.81052111,38,4,OberynMartell,18:d6:c7:fb:1c:0e,8,-79,INGENEO,cc:b2:55:e8:4c:e6,6,-87,simon,e4:6f:13:73:0a:c2,8,-89,HTC,06:c2:3e:e4:21:85,4,-92,,,,,,,,,,,,,,,,,,,,,,,,
01/12/2017 10:44,model=SM-G950F_device=dreamlte,32.16882317,34.81054405,27.11526685,6,RS_GUEST,ec:08:6b:38:0d:dd,12,-85,RS_GUEST_5G,ec:08:6b:38:0d:dc,44,-89,DIRECT-F4-HPDeskJet3830series,c8:d3:ff:57:60:f5,1,-89,simon,e4:6f:13:73:0a:c2,8,-89,HTC,06:c2:3e:e4:21:85,4,-89,KaymeraDev,00:f6:63:15:58:8e,36,-92,,,,,,,,,,,,,,,,
01/12/2017 10:44,model=Lenovo PB2-690Y_device=PB2PRO,32.16872739,34.81060785,38,7,kaymeraQA,00:f6:63:15:58:80,1,-82,simon,e4:6f:13:73:0a:c2,8,-84,Candan,c0:ff:d4:7b:82:30,1,-87,VisionPublic,c0:4a:00:f7:00:c1,10,-89,BARONWIFI2.4,60:e3:27:bf:a1:a5,11,-91,cactus,a0:4f:d4:42:ba:71,1,-95,KaymeraGuest,cc:16:7e:97:1d:92,1,-95,,,,,,,,,,,,
01/12/2017 10:45,model=SM-G950F_device=dreamlte,32.168721,34.81072411,27.61844951,1,LRWN,0c:f4:d5:29:a2:9c,36,-91,,,,,,,,,,,,,,,,,,,,,,,,,,,,,,,,,,,,
01/12/2017 10:45,model=Lenovo PB2-690Y_device=PB2PRO,32.16870873,34.81074499,37,1,A-Home,00:25:86:b1:6f:f8,6,-81,,,,,,,,,,,,,,,,,,,,,,,,,,,,,,,,,,,,
01/12/2017 10:45,model=Lenovo PB2-690Y_device=PB2PRO,32.16877222,34.81164041,36,5,LRWN,ec:8c:a2:08:a4:5c,52,-69,Candan,c0:ff:d4:7b:82:30,1,-88,simon,e4:6f:13:73:0a:c2,8,-90,INGENEO,cc:b2:55:e8:4c:e6,6,-91,OberynMartell,18:d6:c7:fb:1c:0e,8,-95,,,,,,,,,,,,,,,,,,,,
01/12/2017 10:45,model=SM-G950F_device=dreamlte,32.1688461,34.81178747,28.29109854,4,LRWN,ec:8c:a2:09:dd:4c,44,-70,LRWN,0c:f4:d5:29:a2:9c,36,-76,HOTFiber-400D,40:65:a3:2b:62:22,6,-88,HOTFiber-400D,40:65:a3:2b:62:0e,6,-89,,,,,,,,,,,,,,,,,,,,,,,,
01/12/2017 10:45,model=Lenovo PB2-690Y_device=PB2PRO,32.16898017,34.81188912,37,1,SE-WiFi-Employees,70:4c:a5:20:be:18,1,-94,,,,,,,,,,,,,,,,,,,,,,,,,,,,,,,,,,,,
01/12/2017 10:45,model=Lenovo PB2-690Y_device=PB2PRO,32.16940316,34.81209444,40,3,Einav_1,00:26:5a:10:b7:0a,6,-82,RS_GUEST,e4:6f:13:71:f5:ce,9,-92,nina,20:0c:c8:2b:2a:14,11,-92,,,,,,,,,,,,,,,,,,,,,,,,,,,,
01/12/2017 10:45,model=SM-G950F_device=dreamlte,32.16954583,34.81214324,26.83442376,1,nina,20:0c:c8:2b:2a:14,11,-68,,,,,,,,,,,,,,,,,,,,,,,,,,,,,,,,,,,,
01/12/2017 10:45,model=Lenovo PB2-690Y_device=PB2PRO,32.16958729,34.81218021,40,2,nina,20:0c:c8:2b:2a:14,11,-73,Nehalem_ISR,08:ea:44:74:4b:d5,1,-92,,,,,,,,,,,,,,,,,,,,,,,,,,,,,,,,
01/12/2017 10:45,model=SM-G950F_device=dreamlte,32.16978401,34.81225704,26.41969286,4,arama,80:1f:02:36:04:d0,11,-81,hilda,00:30:4f:91:36:07,6,-89,Astra,00:21:63:4d:73:31,6,-92,BezeqFree,5a:ab:1b:62:0d:fd,2,-93,,,,,,,,,,,,,,,,,,,,,,,,
01/12/2017 10:45,model=Lenovo PB2-690Y_device=PB2PRO,32.16977119,34.81225463,40,2,mazia,14:ae:db:b2:5f:05,1,-87,arama,80:1f:02:36:04:d0,11,-90,,,,,,,,,,,,,,,,,,,,,,,,,,,,,,,,
01/12/2017 10:45,model=Lenovo PB2-690Y_device=PB2PRO,32.16994827,34.81233913,41,10,TUCHLER,00:26:5a:69:94:e3,6,-81,landau,74:da:38:14:4b:88,11,-81, InnovationEndeavors,74:da:38:a9:1c:df,2,-83,klaiman,a0:ab:1b:62:0d:fc,2,-86,Astra,00:21:63:4d:73:31,6,-86,Mehta_Up,f8:d1:11:b8:3b:7e,6,-87,BezeqFree,5a:ab:1b:62:0d:fd,2,-87,UFI_UF230_B3F,00:0b:6c:4d:1b:3f,6,-89,HOTBOX-8156,b4:ee:b4:a7:81:5c,1,-92,Candan,c0:ff:d4:7b:82:30,1,-93
01/12/2017 10:45,model=SM-G950F_device=dreamlte,32.17002447,34.81235938,26.27907549,3,UFI_UF230_B3F,00:0b:6c:4d:1b:3f,6,-83,HP-Print-8A-Deskjet464series,8c:dc:d4:6a:a9:8a,11,-89,landau,d4:7b:b0:79:65:fc,11,-92,,,,,,,,,,,,,,,,,,,,,,,,,,,,
01/12/2017 10:45,model=Lenovo PB2-690Y_device=PB2PRO,32.17012573,34.81242227,44,5,ter123,70:4d:7b:0c:89:50,6,-82,arama,80:1f:02:36:04:d0,11,-84,HP-Print-8A-Deskjet4640series,8c:dc:d4:6a:a9:8a,11,-89,HOTBOX-62EF,d8:fb:5e:17:62:f5,1,-93,Florida_Israel1,48:ee:0c:3b:fa:1e,1,-94,,,,,,,,,,,,,,,,,,,,
01/12/2017 10:45,model=SM-G950F_device=dreamlte,32.17025776,34.81246927,26.04270934,3,ter123,70:4d:7b:0c:89:50,6,-72,klaiman,a0:ab:1b:62:0d:fc,2,-78,HOTBOX-62EF,d8:fb:5e:17:62:f5,1,-80,,,,,,,,,,,,,,,,,,,,,,,,,,,,
01/12/2017 10:45,model=Lenovo PB2-690Y_device=PB2PRO,32.17031089,34.81250563,44,3,hot,00:1c:10:09:4f:bc,3,-84,HOTBOX-62EF,d8:fb:5e:17:62:f5,1,-85,geller,00:78:9e:fa:3b:62,11,-90,,,,,,,,,,,,,,,,,,,,,,,,,,,,
01/12/2017 10:45,model=SM-G950F_device=dreamlte,32.17050973,34.8125819,26.06642314,1,UFI_UF230_B3F,00:0b:6c:4d:1b:3f,6,-70,,,,,,,,,,,,,,,,,,,,,,,,,,,,,,,,,,,,
01/12/2017 10:45,model=Lenovo PB2-690Y_device=PB2PRO,32.17062502,34.81264159,42,3,UFI_UF230_B3F,00:0b:6c:4d:1b:3f,6,-63,hot,00:1c:10:09:4f:bc,3,-77,Oded,14:cc:20:76:b8:2a,11,-89,,,,,,,,,,,,,,,,,,,,,,,,,,,,
01/12/2017 10:45,model=SM-G950F_device=dreamlte,32.17075993,34.81269651,25.95824107,1,Ode2.4Ghz,00:12:2a:e1:6c:48,11,-83,,,,,,,,,,,,,,,,,,,,,,,,,,,,,,,,,,,,
01/12/2017 10:45,model=Lenovo PB2-690Y_device=PB2PRO,32.17086052,34.8127604,41,4,Oded,14:cc:20:76:b8:2a,11,-65,Oded2.4Ghz,00:12:2a:e1:6c:48,11,-82,HOTBOX-2017,c0:ac:54:f5:7d:bd,11,-87,TP-LINK_76C08E,14:cc:20:76:c0:8e,1,-93,,,,,,,,,,,,,,,,,,,,,,,,
01/12/2017 10:45,model=SM-G950F_device=dreamlte,32.17100836,34.81281338,25.58060872,1,Oded5Ghz,00:12:2a:e1:6c:4c,48,-84,,,,,,,,,,,,,,,,,,,,,,,,,,,,,,,,,,,,
01/12/2017 10:45,model=Lenovo PB2-690Y_device=PB2PRO,32.17105914,34.81284875,39,4,HOTBOX-2017,c0:ac:54:f5:7d:bd,11,-78,HP-Print-AF-OfficejetPro6830,28:80:23:40:5f:af,6,-81,TP-LINK_76C08E,14:cc:20:76:c0:8e,1,-86,sirocco_2.4o,c4:e9:84:83:1a:0a,11,-91,,,,,,,,,,,,,,,,,,,,,,,,
01/12/2017 10:45,model=SM-G950F_device=dreamlte,32.17125708,34.81291128,25.50918947,1,yotam17,f8:ab:05:e9:6d:3d,10,-85,,,,,,,,,,,,,,,,,,,,,,,,,,,,,,,,,,,,
01/12/2017 10:45,model=Lenovo PB2-690Y_device=PB2PRO,32.1712472,34.81289934,36,3,Candan,c0:ff:d4:7b:82:30,1,-91,InnovationEndeavors,74:da:38:a9:1c:df,2,-92,BezeqFree,06:ae:db:48:af:4d,9,-93,,,,,,,,,,,,,,,,,,,,,,,,,,,,
01/12/2017 10:45,model=Lenovo PB2-690Y_device=PB2PRO,32.17164516,34.81296105,38,1,UFI_UF230_B3F,00:0b:6c:4d:1b:3f,6,-92,,,,,,,,,,,,,,,,,,,,,,,,,,,,,,,,,,,,
01/12/2017 10:46,model=SM-G950F_device=dreamlte,32.17198535,34.81299604,26.59308527,1,SHAHAF2.4,20:0c:c8:0a:ef:2a,11,-82,,,,,,,,,,,,,,,,,,,,,,,,,,,,,,,,,,,,
01/12/2017 10:46,model=Lenovo PB2-690Y_device=PB2PRO,32.17201156,34.81299553,38,2,Oded5Ghz,00:12:2a:e1:6c:4c,48,-82,Motti11,a4:2b:b0:d4:55:36,6,-96,,,,,,,,,,,,,,,,,,,,,,,,,,,,,,,,
01/12/2017 10:46,model=SM-G950F_device=dreamlte,32.17215247,34.81301798,26.28978506,1,Oded5Ghz,00:12:2a:e1:6c:4c,48,-89,,,,,,,,,,,,,,,,,,,,,,,,,,,,,,,,,,,,
01/12/2017 10:46,model=Lenovo PB2-690Y_device=PB2PRO,32.17218423,34.81302496,39,3,Oded,14:cc:20:76:b8:2a,11,-92,HP-Print-AF-OfficejetPro6830,28:80:23:40:5f:af,6,-94,TP-LINK_76C08E,14:cc:20:76:c0:8e,1,-94,,,,,,,,,,,,,,,,,,,,,,,,,,,,
01/12/2017 10:46,model=Lenovo PB2-690Y_device=PB2PRO,32.1723264,34.81305758,43,1,Oded2.4Ghz,00:12:2a:e1:6c:48,11,-84,,,,,,,,,,,,,,,,,,,,,,,,,,,,,,,,,,,,
01/12/2017 10:46,model=SM-G950F_device=dreamlte,32.17243468,34.81311269,26.95797609,1,sellahome,d8:fb:5e:17:47:f8,9,-73,,,,,,,,,,,,,,,,,,,,,,,,,,,,,,,,,,,,
01/12/2017 10:46,model=Lenovo PB2-690Y_device=PB2PRO,32.17240104,34.81314461,44,2,DIR-825-4f83,80:26:89:0d:4f:84,1,-74,Miller,00:78:9e:fa:0e:5c,1,-78,,,,,,,,,,,,,,,,,,,,,,,,,,,,,,,,
01/12/2017 10:46,model=Lenovo PB2-690Y_device=PB2PRO,32.17237484,34.81345105,41,1,HOTBOX-1A14,00:07:26:4f:07:ae,6,-91,,,,,,,,,,,,,,,,,,,,,,,,,,,,,,,,,,,,
01/12/2017 10:46,model=Lenovo PB2-690Y_device=PB2PRO,32.17232792,34.81365654,42,1,dobry2016_5,6c:b0:ce:ac:32:9c,60,-89,,,,,,,,,,,,,,,,,,,,,,,,,,,,,,,,,,,,
01/12/2017 10:46,model=SM-G950F_device=dreamlte,32.17232882,34.814012,28.28410709,1,DIR-825-4f83,80:26:89:0d:4f:84,1,-88,,,,,,,,,,,,,,,,,,,,,,,,,,,,,,,,,,,,
01/12/2017 10:46,model=Lenovo PB2-690Y_device=PB2PRO,32.17229561,34.81402472,40,3,Orit,c4:a8:1d:12:7d:4c,6,-80,DIRECT-CC-HP DeskJet4670series,70:5a:0f:b2:64:cd,6,-89,Lahav,08:3e:5d:5c:72:5e,11,-94,,,,,,,,,,,,,,,,,,,,,,,,,,,,
01/12/2017 10:46,model=Lenovo PB2-690Y_device=PB2PRO,32.17226318,34.81420816,40,3,DIR-825-4f83,80:26:89:0d:4f:84,1,-85,Mevohot_3,60:e3:27:e8:41:e8,11,-93,Wifi,74:44:01:39:09:86,11,-93,,,,,,,,,,,,,,,,,,,,,,,,,,,,
01/12/2017 10:46,model=Lenovo PB2-690Y_device=PB2PRO,32.1722525,34.81443463,40,1,love,14:ae:db:58:73:75,1,-70,,,,,,,,,,,,,,,,,,,,,,,,,,,,,,,,,,,,
01/12/2017 10:49,model=SM-G950F_device=dreamlte,32.17218268,34.81446402,13.65040889,1,Efrat,40:65:a3:35:4c:c4,1,-75,,,,,,,,,,,,,,,,,,,,,,,,,,,,,,,,,,,,
01/12/2017 10:49,model=SM-G950F_device=dreamlte,32.17220926,34.8144483,15.37643594,1,Volvo247,08:97:58:32:69:c6,4,-81,,,,,,,,,,,,,,,,,,,,,,,,,,,,,,,,,,,,
01/12/2017 10:49,model=Lenovo PB2-690Y_device=PB2PRO,32.17228106,34.81440381,51,1,Zvi_2.4,10:5a:f7:0f:d5:32,11,-91,,,,,,,,,,,,,,,,,,,,,,,,,,,,,,,,,,,,
01/12/2017 10:49,model=SM-G950F_device=dreamlte,32.17225088,34.81436692,25.86914313,1,love,14:ae:db:58:73:75,1,-78,,,,,,,,,,,,,,,,,,,,,,,,,,,,,,,,,,,,
01/12/2017 10:49,model=Lenovo PB2-690Y_device=PB2PRO,32.17227827,34.81413625,45,1,BezeqFree,62:ee:0c:3d:eb:b9,9,-88,,,,,,,,,,,,,,,,,,,,,,,,,,,,,,,,,,,,
01/12/2017 10:49,model=SM-G950F_device=dreamlte,32.17228483,34.8140369,30.59005383,1,Chakir,00:12:2a:35:c8:7c,1,-86,,,,,,,,,,,,,,,,,,,,,,,,,,,,,,,,,,,,
01/12/2017 10:49,model=SM-G950F_device=dreamlte,32.17230734,34.81387686,30.93962047,1,Orit,c4:a8:1d:12:7d:4c,6,-69,,,,,,,,,,,,,,,,,,,,,,,,,,,,,,,,,,,,
01/12/2017 10:49,model=Lenovo PB2-690Y_device=PB2PRO,32.17234589,34.81367079,44,1,Lahav,b0:b2:8f:01:ad:fe,11,-73,,,,,,,,,,,,,,,,,,,,,,,,,,,,,,,,,,,,
01/12/2017 10:49,model=SM-G950F_device=dreamlte,32.17238269,34.81336125,31.34185373,1,Mevohot_1,20:0c:c8:1b:a2:48,6,-70,,,,,,,,,,,,,,,,,,,,,,,,,,,,,,,,,,,,
01/12/2017 10:50,model=Lenovo PB2-690Y_device=PB2PRO,32.1724094,34.81316731,41,4,DIR-825-4f83,80:26:89:0d:4f:84,1,-71,BezeqFree,06:ae:db:ba:1e:85,11,-76,GuyHila,14:ae:db:ba:1e:85,11,-76,Mevohot_3,60:e3:27:e8:41:e8,11,-80,,,,,,,,,,,,,,,,,,,,,,,,
01/12/2017 10:50,model=SM-G950F_device=dreamlte,32.17244003,34.81291471,31.60427366,2,DIR-825-4f83,80:26:89:0d:4f:84,1,-68,DIR-825-4f83,80:26:89:0d:4f:84,1,-77,,,,,,,,,,,,,,,,,,,,,,,,,,,,,,,,
01/12/2017 10:50,model=Lenovo PB2-690Y_device=PB2PRO,32.17246049,34.81286197,42,1,DIRECT-CC-HPDeskJet4670series,70:5a:0f:b2:64:cd,6,-80,,,,,,,,,,,,,,,,,,,,,,,,,,,,,,,,,,,,
01/12/2017 10:50,model=SM-G950F_device=dreamlte,32.17248382,34.81269385,31.65514378,1,NIPPON_3687,08:97:58:32:d2:98,2,-88,,,,,,,,,,,,,,,,,,,,,,,,,,,,,,,,,,,,
01/12/2017 10:50,model=Lenovo PB2-690Y_device=PB2PRO,32.17250306,34.81263803,42,2,DIRECT-CC-HPDeskJet4670series,70:5a:0f:b2:64:cd,6,-75,BS-WIFI-4EVER,fc:75:16:55:27:fa,6,-94,,,,,,,,,,,,,,,,,,,,,,,,,,,,,,,,
01/12/2017 10:50,model=SM-G950F_device=dreamlte,32.17252252,34.81247912,31.6513231,2,NIPPON_3687,08:97:58:32:d2:98,2,-80,Hotbox,00:78:9e:f9:e8:58,11,-91,,,,,,,,,,,,,,,,,,,,,,,,,,,,,,,,
01/12/2017 10:50,model=Lenovo PB2-690Y_device=PB2PRO,32.17253375,34.81242662,42,1,DIRECT-74-HPDeskJet4670series,3c:52:82:af:42:75,1,-59,,,,,,,,,,,,,,,,,,,,,,,,,,,,,,,,,,,,
01/12/2017 10:50,model=SM-G950F_device=dreamlte,32.17254565,34.81226897,31.61801039,1,varda,c4:12:f5:85:27:c2,1,-86,,,,,,,,,,,,,,,,,,,,,,,,,,,,,,,,,,,,
01/12/2017 10:50,model=Lenovo PB2-690Y_device=PB2PRO,32.17254538,34.81222007,42,2,NIPPON_3687,08:97:58:32:d2:98,2,-79,GilKitchen,80:1f:02:a3:7d:62,6,-87,,,,,,,,,,,,,,,,,,,,,,,,,,,,,,,,
01/12/2017 10:50,model=Lenovo PB2-690Y_device=PB2PRO,32.17242642,34.81207339,43,1,urigil1,a0:ab:1b:5d:c2:60,10,-97,,,,,,,,,,,,,,,,,,,,,,,,,,,,,,,,,,,,
01/12/2017 10:50,model=SM-G950F_device=dreamlte,32.17229409,34.81204236,31.56486002,1,Helen.,a0:ab:1b:57:cd:42,10,-74,,,,,,,,,,,,,,,,,,,,,,,,,,,,,,,,,,,,
01/12/2017 10:50,model=Lenovo PB2-690Y_device=PB2PRO,32.17226944,34.81201158,41,2,varda,c4:12:f5:85:27:c2,1,-83,varda_HD,c4:12:f5:85:27:c1,60,-88,,,,,,,,,,,,,,,,,,,,,,,,,,,,,,,,
01/12/2017 10:50,model=Lenovo PB2-690Y_device=PB2PRO,32.17190615,34.81187369,37,1,ShaniGreen,54:b8:0a:34:68:90,6,-89,,,,,,,,,,,,,,,,,,,,,,,,,,,,,,,,,,,,
01/12/2017 10:50,model=SM-G950F_device=dreamlte,32.17172819,34.81184058,31.30445033,1,BenAmi_2.4,c4:04:15:60:6a:b5,11,-73,,,,,,,,,,,,,,,,,,,,,,,,,,,,,,,,,,,,
01/12/2017 10:50,model=SM-G950F_device=dreamlte,32.17154067,34.8117682,31.18679723,1,varda,c4:12:f5:85:27:c2,1,-88,,,,,,,,,,,,,,,,,,,,,,,,,,,,,,,,,,,,
01/12/2017 10:50,model=SM-G950F_device=dreamlte,32.17135803,34.81168874,31.09052557,1,ronkla2_5,3c:1e:04:07:2a:ff,48,-85,,,,,,,,,,,,,,,,,,,,,,,,,,,,,,,,,,,,
01/12/2017 10:50,model=Lenovo PB2-690Y_device=PB2PRO,32.17134232,34.81165241,37,3,mayasalon,c4:a8:1d:12:df:c5,1,-89,@Cafe,52:a8:1d:12:df:c4,1,-92,luxynet,00:c0:02:0a:c6:c2,7,-93,,,,,,,,,,,,,,,,,,,,,,,,,,,,
01/12/2017 10:50,model=SM-G950F_device=dreamlte,32.17117721,34.81160095,30.92205515,1,mika1,c4:12:f5:fb:c0:3e,1,-77,,,,,,,,,,,,,,,,,,,,,,,,,,,,,,,,,,,,
01/12/2017 10:50,model=Lenovo PB2-690Y_device=PB2PRO,32.1708157,34.81137225,32,2,Gana7_2GExt,64:d9:54:e4:95:37,5,-90,Gana7,48:ee:0c:3c:30:1e,5,-93,,,,,,,,,,,,,,,,,,,,,,,,,,,,,,,,
01/12/2017 10:50,model=SM-G950F_device=dreamlte,32.17061251,34.81130192,30.49189809,1,Gana7_2GExt,64:d9:54:e4:95:37,5,-88,,,,,,,,,,,,,,,,,,,,,,,,,,,,,,,,,,,,
01/12/2017 10:50,model=Lenovo PB2-690Y_device=PB2PRO,32.17062149,34.81126162,29,1,shlomi,d8:5d:4c:d9:c4:68,1,-82,,,,,,,,,,,,,,,,,,,,,,,,,,,,,,,,,,,,
01/12/2017 10:50,model=SM-G950F_device=dreamlte,32.17042201,34.81120541,30.64808759,1,Guymic,14:ae:db:b7:99:2d,6,-78,,,,,,,,,,,,,,,,,,,,,,,,,,,,,,,,,,,,
01/12/2017 10:50,model=SM-G950F_device=dreamlte,32.17023774,34.81109834,30.62847276,1,stephane,00:24:2b:cf:13:21,1,-82,,,,,,,,,,,,,,,,,,,,,,,,,,,,,,,,,,,,
01/12/2017 10:50,model=Lenovo PB2-690Y_device=PB2PRO,32.17022989,34.81107053,29,1,shlomi,d8:5d:4c:d9:c4:68,1,-77,,,,,,,,,,,,,,,,,,,,,,,,,,,,,,,,,,,,
01/12/2017 10:50,model=SM-G950F_device=dreamlte,32.17005339,34.81099874,30.62659342,2,devolo-0f4,30:d3:2d:37:20:f4,6,-80,HOTBOX-4D4E,00:78:9e:fb:1e:09,1,-91,,,,,,,,,,,,,,,,,,,,,,,,,,,,,,,,
01/12/2017 10:50,model=Lenovo PB2-690Y_device=PB2PRO,32.1699948,34.81094348,29,2,Eric2.4,c4:a8:1d:13:2a:95,1,-87,InnovationEndeavors,74:da:38:a9:1c:df,2,-89,,,,,,,,,,,,,,,,,,,,,,,,,,,,,,,,
01/12/2017 10:50,model=SM-G950F_device=dreamlte,32.16988411,34.81092582,30.44607201,2,Neeman2.4,20:0c:c8:1d:c8:2b,1,-78,oved-main_2EX,74:da:38:97:66:9d,6,-78,,,,,,,,,,,,,,,,,,,,,,,,,,,,,,,,
01/12/2017 10:51,model=Lenovo PB2-690Y_device=PB2PRO,32.16983611,34.81088834,28,3,oved-main_2EX,74:da:38:97:66:9d,6,-77,HOTBOX12,a0:8e:78:7f:2a:69,1,-87,bait,10:be:f5:3f:b2:ce,10,-94,,,,,,,,,,,,,,,,,,,,,,,,,,,,
01/12/2017 10:51,model=SM-G950F_device=dreamlte,32.16972842,34.81085805,30.47536044,1,oved-main,74:da:39:54:b8:1d,6,-83,,,,,,,,,,,,,,,,,,,,,,,,,,,,,,,,,,,,
01/12/2017 10:51,model=Lenovo PB2-690Y_device=PB2PRO,32.16970224,34.81083489,27,1,Li,c0:ac:54:f8:6b:28,1,-80,,,,,,,,,,,,,,,,,,,,,,,,,,,,,,,,,,,,
01/12/2017 10:51,model=Lenovo PB2-690Y_device=PB2PRO,32.16957488,34.81078619,23,1,Ronizyc1,48:ee:0c:39:f9:15,5,-92,,,,,,,,,,,,,,,,,,,,,,,,,,,,,,,,,,,,
01/12/2017 10:51,model=SM-G950F_device=dreamlte,32.16949135,34.81077185,30.41870876,5,Lili,c4:12:f5:f9:5c:7c,11,-86,Liliup,74:da:38:c3:12:45,2,-88,ELCHARAR_2.4,20:0c:c8:0f:21:93,1,-89,Alpha125,10:fe:ed:74:fc:46,1,-90,BezeqFreeT00C36,5a:0c:c8:0f:21:90,1,-92,,,,,,,,,,,,,,,,,,,,
01/12/2017 10:51,model=Lenovo PB2-690Y_device=PB2PRO,32.16948516,34.81076003,23,2,BezeqFree,62:ee:0c:39:f9:16,5,-84,Ronizyc1,48:ee:0c:39:f9:15,5,-85,,,,,,,,,,,,,,,,,,,,,,,,,,,,,,,,
01/12/2017 10:51,model=SM-G950F_device=dreamlte,32.1693985,34.81074036,30.41755519,1,dlink-A09C,ac:f1:df:76:a0:9c,11,-91,,,,,,,,,,,,,,,,,,,,,,,,,,,,,,,,,,,,
01/12/2017 10:51,model=Lenovo PB2-690Y_device=PB2PRO,32.16940059,34.81073707,24,1,dlink-A09C,ac:f1:df:76:a0:9c,11,-94,,,,,,,,,,,,,,,,,,,,,,,,,,,,,,,,,,,,
01/12/2017 10:51,model=SM-G950F_device=dreamlte,32.16935941,34.81072496,30.40808363,1,edimax_5G_A9241C,74:da:38:a9:24:1c,40,-82,,,,,,,,,,,,,,,,,,,,,,,,,,,,,,,,,,,,
01/12/2017 10:51,model=Lenovo PB2-690Y_device=PB2PRO,32.16937301,34.81072683,27,1,forestisthebest,c8:d7:19:d4:7c:73,6,-93,,,,,,,,,,,,,,,,,,,,,,,,,,,,,,,,,,,,
01/12/2017 10:51,model=SM-G950F_device=dreamlte,32.16935941,34.81072496,30.41027705,1,spielman,7c:b7:33:2b:c4:52,1,-81,,,,,,,,,,,,,,,,,,,,,,,,,,,,,,,,,,,,
01/12/2017 10:51,model=SM-G950F_device=dreamlte,32.16935941,34.81072496,30.40255872,1,forestisthebest,c8:d7:19:da:03:16,6,-54,,,,,,,,,,,,,,,,,,,,,,,,,,,,,,,,,,,,
01/12/2017 10:51,model=Lenovo PB2-690Y_device=PB2PRO,32.16937265,34.81071795,29,1,edimax_5G_A9241C,74:da:38:a9:24:1c,40,-84,,,,,,,,,,,,,,,,,,,,,,,,,,,,,,,,,,,,
01/12/2017 10:51,model=SM-G950F_device=dreamlte,32.16935941,34.81072496,30.28296495,1,evanson,7c:03:4c:fe:f6:68,1,-93,,,,,,,,,,,,,,,,,,,,,,,,,,,,,,,,,,,,
01/12/2017 10:52,model=Lenovo PB2-690Y_device=PB2PRO,32.16936666,34.81070436,31,1,forestisthebest-guest,c8:d7:19:d4:7c:75,6,-94,,,,,,,,,,,,,,,,,,,,,,,,,,,,,,,,,,,,
01/12/2017 10:52,model=Lenovo PB2-690Y_device=PB2PRO,32.16938116,34.81071282,32,1,edimax_5G_A9241C,74:da:38:a9:24:1c,40,-79,,,,,,,,,,,,,,,,,,,,,,,,,,,,,,,,,,,,
01/12/2017 10:53,model=SM-G950F_device=dreamlte,32.16935941,34.81072496,29.81077432,1,KaymeraDev,00:f6:63:15:58:81,1,-84,,,,,,,,,,,,,,,,,,,,,,,,,,,,,,,,,,,,
01/12/2017 10:53,model=SM-G950F_device=dreamlte,32.16935941,34.81072496,29.54843195,1,KaymeraDev,00:f6:63:15:58:81,1,-78,,,,,,,,,,,,,,,,,,,,,,,,,,,,,,,,,,,,
01/12/2017 10:53,model=SM-G950F_device=dreamlte,32.16935941,34.81072496,29.5264041,1,spielman,7c:b7:33:2b:c4:52,1,-73,,,,,,,,,,,,,,,,,,,,,,,,,,,,,,,,,,,,
01/12/2017 10:54,model=SM-G950F_device=dreamlte,32.16935941,34.81072496,29.37835116,1,evanson,7c:03:4c:fe:f6:68,1,-80,,,,,,,,,,,,,,,,,,,,,,,,,,,,,,,,,,,,
01/12/2017 10:54,model=SM-G950F_device=dreamlte,32.16935941,34.81072496,29.32611198,1,BezeqNGN_001489_2.4GHz_1,c0:a0:bb:cb:59:5b,1,-68,,,,,,,,,,,,,,,,,,,,,,,,,,,,,,,,,,,,
01/12/2017 10:54,model=SM-G950F_device=dreamlte,32.16935941,34.81072496,29.26677254,1,oved-main,74:da:39:54:b8:1d,6,-64,,,,,,,,,,,,,,,,,,,,,,,,,,,,,,,,,,,,
01/12/2017 10:55,model=Lenovo PB2-690Y_device=PB2PRO,32.16935676,34.81068889,29,1,BezeqFree,62:be:f5:40:26:83,10,-96,,,,,,,,,,,,,,,,,,,,,,,,,,,,,,,,,,,,
01/12/2017 10:55,model=Lenovo PB2-690Y_device=PB2PRO,32.16923806,34.81066982,25,1,Home,34:36:3b:c2:be:b8,11,-91,,,,,,,,,,,,,,,,,,,,,,,,,,,,,,,,,,,,
01/12/2017 10:55,model=SM-G950F_device=dreamlte,32.16921231,34.81068175,28.88632121,1,spielman,f4:f2:6d:34:56:54,1,-77,,,,,,,,,,,,,,,,,,,,,,,,,,,,,,,,,,,,
01/12/2017 10:55,model=SM-G950F_device=dreamlte,32.16917019,34.81066503,28.81036798,2,Jamcanup,74:da:38:c3:0d:6b,2,-87,Jamcandown,74:da:38:b6:f6:c9,4,-89,,,,,,,,,,,,,,,,,,,,,,,,,,,,,,,,
01/12/2017 10:55,model=SM-G950F_device=dreamlte,32.16917019,34.81066503,28.77355504,2,edimax_2.4G_ruty,74:da:38:d3:bb:81,2,-80,HP-Print-C1-Deskjet4640series,28:80:23:f6:e0:c1,11,-86,,,,,,,,,,,,,,,,,,,,,,,,,,,,,,,,
01/12/2017 10:56,model=Lenovo PB2-690Y_device=PB2PRO,32.16916884,34.81065234,31,1,Home,10:be:f5:40:26:82,10,-89,,,,,,,,,,,,,,,,,,,,,,,,,,,,,,,,,,,,
01/12/2017 10:56,model=Lenovo PB2-690Y_device=PB2PRO,32.16907372,34.81062139,31,1,OberynMartell,18:d6:c7:fb:1c:0e,8,-89,,,,,,,,,,,,,,,,,,,,,,,,,,,,,,,,,,,,
01/12/2017 10:56,model=SM-G950F_device=dreamlte,32.16901232,34.81061952,28.06850525,1,HP-Print-C1-Deskjet4640series,28:80:23:f6:e0:c1,11,-81,,,,,,,,,,,,,,,,,,,,,,,,,,,,,,,,,,,,
01/12/2017 10:56,model=Lenovo PB2-690Y_device=PB2PRO,32.1689281,34.81057719,30,1,simon,e4:6f:13:73:0a:c2,8,-90,,,,,,,,,,,,,,,,,,,,,,,,,,,,,,,,,,,,
01/12/2017 10:56,model=SM-G950F_device=dreamlte,32.16888141,34.81057059,27.56438271,1,iFOREX,f8:d1:11:b1:92:93,6,-91,,,,,,,,,,,,,,,,,,,,,,,,,,,,,,,,,,,,
01/12/2017 10:57,model=LenovoPB2-690Y_device=PB2PRO,32.16884222,34.8105797,31,1,DIRECT-a8-HPM477LaserJet,aa:6b:ad:04:c6:a8,1,-94,,,,,,,,,,,,,,,,,,,,,,,,,,,,,,,,,,,,
01/12/2017 10:57,model=SM-G950F_device=dreamlte,32.16878254,34.81061687,27.49950646,3,Candan,c0:ff:d4:7b:82:30,1,-89,INGENEO,cc:b2:55:e8:4c:e6,6,-91,DIRECT-a8-HPM477LaserJet,aa:6b:ad:04:c6:a8,1,-91,,,,,,,,,,,,,,,,,,,,,,,,,,,,
01/12/2017 10:57,model=LenovoPB2-690Y_device=PB2PRO,32.16876228,34.81066791,31,2,Levy,f8:ab:05:46:de:55,10,-85,DIRECT-F4-HPDeskJet3830series,c8:d3:ff:57:60:f5,1,-93,,,,,,,,,,,,,,,,,,,,,,,,,,,,,,,,
01/12/2017 10:57,model=SM-G950F_device=dreamlte,32.16875023,34.81078259,27.14415548,1,LRWN,ec:8c:a2:09:dd:48,11,-91,,,,,,,,,,,,,,,,,,,,,,,,,,,,,,,,,,,,
01/12/2017 10:57,model=SM-G950F_device=dreamlte,32.16875525,34.8112991,26.89518462,1,HOTBOX111,c0:ac:54:f6:ae:5e,11,-77,,,,,,,,,,,,,,,,,,,,,,,,,,,,,,,,,,,,
01/12/2017 10:57,model=SM-G950F_device=dreamlte,32.16878953,34.81154567,26.88545622,1,LRWN,ec:8c:a2:09:dd:48,11,-86,,,,,,,,,,,,,,,,,,,,,,,,,,,,,,,,,,,,
01/12/2017 10:57,model=SM-G950F_device=dreamlte,32.1688377,34.81174537,26.96056003,3,LRWN,ec:8c:a2:09:dd:48,11,-74,InnovationEndeavors,74:da:38:a9:1c:df,2,-88,HOTFiber-400D,b4:ee:b4:36:dd:b9,6,-89,,,,,,,,,,,,,,,,,,,,,,,,,,,,
01/12/2017 10:57,model=Lenovo PB2-690Y_device=PB2PRO,32.16885258,34.81180676,32,1,LRWN,ec:8c:a2:09:dd:48,11,-59,,,,,,,,,,,,,,,,,,,,,,,,,,,,,,,,,,,,
01/12/2017 10:57,model=SM-G950F_device=dreamlte,32.16889806,34.8118332,27.05751994,2,LRWN,0c:f4:d5:29:a2:9c,36,-68,Talfamily,e0:ce:c3:86:a7:9e,1,-80,,,,,,,,,,,,,,,,,,,,,,,,,,,,,,,,
01/12/2017 10:57,model=SM-G950F_device=dreamlte,32.16909113,34.81193255,27.16529272,1,HOTBOX-8156,b4:ee:b4:a7:81:5c,1,-89,,,,,,,,,,,,,,,,,,,,,,,,,,,,,,,,,,,,
01/12/2017 10:57,model=SM-G950F_device=dreamlte,32.16927107,34.81201045,27.21999505,3,Fuck Off Yourself,16:ae:db:c1:ae:55,9,-79,Fuck Off ext,a4:2b:b0:e0:3a:01,11,-80,Mheta_AP,86:2a:a8:eb:a9:60,6,-90,,,,,,,,,,,,,,,,,,,,,,,,,,,,
01/12/2017 10:57,model=SM-G950F_device=dreamlte,32.16943683,34.81208526,27.28688923,2,ELCHARAR_2.4,20:0c:c8:0f:21:93,1,-90,Bezeq Free T00C36,5a:0c:c8:0f:21:90,1,-90,,,,,,,,,,,,,,,,,,,,,,,,,,,,,,,,
01/12/2017 10:57,model=Lenovo PB2-690Y_device=PB2PRO,32.16960197,34.81229045,33,3,nina,20:0c:c8:2b:2a:14,11,-67,arama,80:1f:02:36:04:d0,11,-76,  InnovationEndeavors,74:da:38:a9:1c:df,2,-89,,,,,,,,,,,,,,,,,,,,,,,,,,,,
01/12/2017 10:57,model=Lenovo PB2-690Y_device=PB2PRO,32.16957574,34.81265851,32,2,arama,80:1f:02:36:04:d0,11,-67,HOTFiber arama,e0:ce:c3:23:12:30,1,-76,,,,,,,,,,,,,,,,,,,,,,,,,,,,,,,,
01/12/2017 10:57,model=SM-G950F_device=dreamlte,32.16955478,34.8132389,27.21083045,1,nina,20:0c:c8:2b:2a:14,11,-91,,,,,,,,,,,,,,,,,,,,,,,,,,,,,,,,,,,,
01/12/2017 10:57,model=SM-G950F_device=dreamlte,32.16957209,34.81340832,27.26150168,2,hilda,00:30:4f:91:36:07,6,-71,DIRECT-29-HP OfficeJet Pro 8710,ec:8e:b5:05:57:19,6,-91,,,,,,,,,,,,,,,,,,,,,,,,,,,,,,,,
01/12/2017 10:57,model=Lenovo PB2-690Y_device=PB2PRO,32.1696487,34.81343376,35,5,hilda,00:30:4f:91:38:b3,6,-73,Bezeq Free 836CFE,52:0d:7f:83:6c:ff,11,-90,NETGEAR_DGN2200,10:0d:7f:83:6c:fe,11,-93,Ab,90:8d:78:54:d9:69,10,-95,Candan,c0:ff:d4:7b:82:30,1,-96,,,,,,,,,,,,,,,,,,,,
01/12/2017 10:57,model=SM-G950F_device=dreamlte,32.16972125,34.81347188,27.70335868,1,Candan,c0:ff:d4:7b:82:30,1,-89,,,,,,,,,,,,,,,,,,,,,,,,,,,,,,,,,,,,
01/12/2017 10:57,model=Lenovo PB2-690Y_device=PB2PRO,32.16981779,34.81346387,35,3,kawasaki,48:ee:0c:3b:ac:5a,11,-75,Bezeq Free,62:ee:0c:3b:ac:5b,11,-75,Candan,c0:ff:d4:7b:82:30,1,-90,,,,,,,,,,,,,,,,,,,,,,,,,,,,
01/12/2017 10:58,model=Lenovo PB2-690Y_device=PB2PRO,32.17004926,34.81351135,36,1,shmulik,d0:d4:12:64:05:12,11,-80,,,,,,,,,,,,,,,,,,,,,,,,,,,,,,,,,,,,
01/12/2017 10:58,model=SM-G950F_device=dreamlte,32.17010133,34.81351418,29.07004588,3,dlink,00:24:01:18:99:57,6,-67,orange,00:21:04:e7:95:da,1,-90,Bezeq Free,62:19:8f:46:9f:bf,6,-94,,,,,,,,,,,,,,,,,,,,,,,,,,,,
01/12/2017 10:58,model=Lenovo PB2-690Y_device=PB2PRO,32.17021581,34.81353649,37,1,Pantum-AP-9DDCCB,28:f3:66:9d:dc:cb,11,-84,,,,,,,,,,,,,,,,,,,,,,,,,,,,,,,,,,,,
01/12/2017 10:58,model=SM-G950F_device=dreamlte,32.17025407,34.81353708,29.46734906,1,orange,00:21:04:e7:95:da,1,-74,,,,,,,,,,,,,,,,,,,,,,,,,,,,,,,,,,,,
01/12/2017 10:58,model=Lenovo PB2-690Y_device=PB2PRO,32.17039308,34.81356425,37,4,Daizad,e8:cc:18:ac:1a:52,7,-72,Is,16:0c:c3:ee:27:39,6,-83,HOTBOX-F028,00:78:9e:fa:6f:c3,1,-85,Beni,c4:12:f5:f4:82:42,9,-96,,,,,,,,,,,,,,,,,,,,,,,,
01/12/2017 10:58,model=SM-G950F_device=dreamlte,32.17042884,34.81356388,29.62614995,2,HOTBOX-F028,18:1e:78:86:03:15,1,-76,HOTBOX-F028,00:78:9e:fa:6f:c3,1,-80,,,,,,,,,,,,,,,,,,,,,,,,,,,,,,,,
01/12/2017 10:58,model=Lenovo PB2-690Y_device=PB2PRO,32.17057165,34.81358945,39,4,HOTBOX-F028,18:1e:78:86:03:15,1,-61,amnon,c0:ac:54:f8:6c:8a,6,-87,yotam17,b0:b2:8f:36:a2:b3,10,-91,Motti11,a4:2b:b0:d4:55:36,6,-93,,,,,,,,,,,,,,,,,,,,,,,,
01/12/2017 10:58,model=SM-G950F_device=dreamlte,32.1706183,34.81359507,29.5231819,4,amnon,c0:ac:54:f8:6c:8a,6,-85,Is,16:0c:c3:ee:27:39,6,-88,My_Internet,fc:75:16:2e:5a:47,10,-90,Beni,c4:12:f5:f4:82:42,9,-91,,,,,,,,,,,,,,,,,,,,,,,,
01/12/2017 10:58,model=Lenovo PB2-690Y_device=PB2PRO,32.17076265,34.81362514,40,2,HOTBOX,c0:ac:54:f7:42:60,1,-82,Beni,c4:12:f5:f4:82:42,9,-88,,,,,,,,,,,,,,,,,,,,,,,,,,,,,,,,
01/12/2017 10:58,model=SM-G950F_device=dreamlte,32.17081392,34.81363414,29.09810593,2,Beni,c4:12:f5:f4:82:42,9,-82,HOTBOX,c0:ac:54:f7:42:60,1,-90,,,,,,,,,,,,,,,,,,,,,,,,,,,,,,,,
01/12/2017 10:58,model=Lenovo PB2-690Y_device=PB2PRO,32.17094133,34.81363121,41,2,Beni,c4:12:f5:f4:82:42,9,-80,HOTBOX111,c0:ac:54:f7:3c:c2,1,-89,,,,,,,,,,,,,,,,,,,,,,,,,,,,,,,,
01/12/2017 10:58,model=SM-G950F_device=dreamlte,32.17098715,34.81362986,28.81880765,1,HOTBOX111,c0:ac:54:f7:3c:c2,1,-87,,,,,,,,,,,,,,,,,,,,,,,,,,,,,,,,,,,,
01/12/2017 10:58,model=Lenovo PB2-690Y_device=PB2PRO,32.1710485,34.81352307,40,4,MNP_HOME_2.4GHz_1,04:a1:51:e0:5f:ee,6,-81,test012,00:12:2a:d2:0c:38,1,-87,My_Internet,fc:75:16:2e:5a:47,10,-88,nurit,a0:4f:d4:45:1f:a1,1,-95,,,,,,,,,,,,,,,,,,,,,,,,
01/12/2017 10:58,model=SM-G950F_device=dreamlte,32.1710679,34.81350325,28.86661464,3,My_Internet,fc:75:16:2e:5a:47,10,-77,MNP_HOME_2.4GHz_1,04:a1:51:e0:5f:ee,6,-85,test012,00:12:2a:d2:0c:38,1,-88,,,,,,,,,,,,,,,,,,,,,,,,,,,,
01/12/2017 10:58,model=Lenovo PB2-690Y_device=PB2PRO,32.17105532,34.81334185,40,3,Yotam _ work _ room,d8:5d:4c:d1:4d:b0,9,-75,yotam17,f8:ab:05:e9:6d:3d,10,-81,Yotam_Shir,00:26:5a:24:f4:f0,8,-90,,,,,,,,,,,,,,,,,,,,,,,,,,,,
01/12/2017 10:58,model=SM-G950F_device=dreamlte,32.17107863,34.81330159,28.91599543,2,Yotam _ work _ room,d8:5d:4c:d1:4d:b0,9,-68,tal,90:8d:78:54:22:a2,1,-87,,,,,,,,,,,,,,,,,,,,,,,,,,,,,,,,
01/12/2017 10:58,model=Lenovo PB2-690Y_device=PB2PRO,32.17108533,34.81312098,40,5,nurit,a0:4f:d4:45:1f:a1,1,-74,yotam17,f8:ab:05:e9:6d:3d,10,-75,tal,90:8d:78:54:22:a2,1,-81,tal2,90:8d:78:54:22:a1,60,-86,sirocco_2.4o,14:cc:20:09:3c:b9,11,-93,,,,,,,,,,,,,,,,,,,,
01/12/2017 10:58,model=SM-G950F_device=dreamlte,32.17110087,34.8130834,28.87277115,7,nurit,a0:4f:d4:45:1f:a1,1,-78,sirocco_2.4o,c4:e9:84:83:1a:0a,11,-79,tal,90:8d:78:54:22:a2,1,-79,44870715,14:ae:db:b7:ab:ad,6,-81,tal2,90:8d:78:54:22:a1,60,-84,sirocco_2.4o,14:cc:20:09:3c:b9,11,-86,DIRECT-75-HP DeskJet 4670 series,b0:5a:da:fa:44:76,6,-87,,,,,,,,,,,,
01/12/2017 10:58,model=Lenovo PB2-690Y_device=PB2PRO,32.17110218,34.81293682,39,2,44870715,14:ae:db:b7:ab:ad,6,-85,yotam17,7c:b7:33:ea:b8:ff,10,-93,,,,,,,,,,,,,,,,,,,,,,,,,,,,,,,,
01/12/2017 10:58,model=SM-G950F_device=dreamlte,32.17104345,34.81283802,29.19466822,2,DIR-825-4f83,80:26:89:0d:4f:84,1,-86,Oded 5Ghz,00:12:2a:e1:6c:4c,48,-90,,,,,,,,,,,,,,,,,,,,,,,,,,,,,,,,
01/12/2017 10:58,model=Lenovo PB2-690Y_device=PB2PRO,32.17091306,34.81276023,40,5,HP-Print-AF-Officejet Pro 6830,28:80:23:40:5f:af,6,-78,Oded 2.4Ghz,00:12:2a:e1:6c:48,11,-79,Oded,14:cc:20:76:b8:2a,11,-81,Oded 5Ghz,00:12:2a:e1:6c:4c,48,-84,Motti11,a4:2b:b0:d4:55:36,6,-87,,,,,,,,,,,,,,,,,,,,
01/12/2017 10:58,model=Lenovo PB2-690Y_device=PB2PRO,32.17074241,34.81267377,40,5,Oded,14:cc:20:76:b8:2a,11,-70,HP-Print-AF-Officejet Pro 6830,28:80:23:40:5f:af,6,-71,HOTBOX-2017,c0:ac:54:f5:7d:bd,11,-72,TP-LINK_76C08E,14:cc:20:76:c0:8e,1,-90,Laufer-wifi,4c:60:de:51:8b:ca,11,-93,,,,,,,,,,,,,,,,,,,,
01/12/2017 10:58,model=SM-G950F_device=dreamlte,32.17070417,34.81268528,29.69492282,2,Oded 2.4Ghz,00:12:2a:e1:6c:48,11,-69,Oded 5Ghz,00:12:2a:e1:6c:4c,48,-84,,,,,,,,,,,,,,,,,,,,,,,,,,,,,,,,
01/12/2017 10:58,model=Lenovo PB2-690Y_device=PB2PRO,32.17057552,34.81258739,41,1,UFI_UF230_B3F,00:0b:6c:4d:1b:3f,6,-75,,,,,,,,,,,,,,,,,,,,,,,,,,,,,,,,,,,,
01/12/2017 10:58,model=Lenovo PB2-690Y_device=PB2PRO,32.17041608,34.81251639,41,2,UFI_UF230_B3F,00:0b:6c:4d:1b:3f,6,-69,hot,00:1c:10:09:4f:bc,3,-71,,,,,,,,,,,,,,,,,,,,,,,,,,,,,,,,
01/12/2017 10:58,model=SM-G950F_device=dreamlte,32.170286,34.81261374,28.98665425,1,SIEMENS_LivingRoom,d4:6e:0e:3c:44:e1,1,-83,,,,,,,,,,,,,,,,,,,,,,,,,,,,,,,,,,,,
01/12/2017 10:58,model=Lenovo PB2-690Y_device=PB2PRO,32.17027834,34.81274376,40,3,edimax.setup,74:da:38:c6:57:9b,9,-71,TP-LINK_E3CA,84:16:f9:e4:e3:ca,9,-77,frank,e8:94:f6:e2:6e:4b,6,-80,,,,,,,,,,,,,,,,,,,,,,,,,,,,
01/12/2017 10:58,model=SM-G950F_device=dreamlte,32.17026749,34.81278322,29.01368771,2,frank,e8:94:f6:e2:6e:4b,6,-71,TP-LINK_E3CA,84:16:f9:e4:e3:ca,9,-80,,,,,,,,,,,,,,,,,,,,,,,,,,,,,,,,
01/12/2017 10:59,model=SM-G950F_device=dreamlte,32.17024205,34.81353312,29.09677085,2,ter123,70:4d:7b:0c:89:50,6,-88,Daizad,e8:cc:18:ac:1b:e1,3,-90,,,,,,,,,,,,,,,,,,,,,,,,,,,,,,,,
01/12/2017 10:59,model=SM-G950F_device=dreamlte,32.17030758,34.81358035,29.23477072,1,Daizad,e8:cc:18:ac:1a:52,7,-81,,,,,,,,,,,,,,,,,,,,,,,,,,,,,,,,,,,,
01/12/2017 10:59,model=SM-G950F_device=dreamlte,32.17050413,34.81360831,29.49532063,1,yotam17,b0:b2:8f:36:a2:b3,10,-91,,,,,,,,,,,,,,,,,,,,,,,,,,,,,,,,,,,,
01/12/2017 10:59,model=Lenovo PB2-690Y_device=PB2PRO,32.17065401,34.81360361,47,1,amnon,c0:ac:54:f8:6c:8a,6,-78,,,,,,,,,,,,,,,,,,,,,,,,,,,,,,,,,,,,
01/12/2017 10:59,model=SM-G950F_device=dreamlte,32.17094895,34.81367243,29.87122719,3,Beni,c4:12:f5:f4:82:42,9,-71,HOTBOX,c0:ac:54:f7:42:60,1,-84,Baruch_2.4,10:5a:f7:08:27:71,6,-90,,,,,,,,,,,,,,,,,,,,,,,,,,,,
01/12/2017 10:59,model=Lenovo PB2-690Y_device=PB2PRO,32.17103853,34.81359455,43,1,Partner-4G-B6D4,a8:c8:3a:35:b6:d4,1,-92,,,,,,,,,,,,,,,,,,,,,,,,,,,,,,,,,,,,
01/12/2017 10:59,model=Lenovo PB2-690Y_device=PB2PRO,32.17108532,34.81338487,43,1,My_Internet,fc:75:16:2e:5a:47,10,-81,,,,,,,,,,,,,,,,,,,,,,,,,,,,,,,,,,,,
01/12/2017 10:59,model=SM-G950F_device=dreamlte,32.17112265,34.8133483,30.37432785,2,yotam17,f8:ab:05:e9:6d:3d,10,-78,Yotam_Shir,00:26:5a:24:f4:f0,8,-87,,,,,,,,,,,,,,,,,,,,,,,,,,,,,,,,
01/12/2017 10:59,model=Lenovo PB2-690Y_device=PB2PRO,32.17109229,34.81313135,41,1,tal2,90:8d:78:54:22:a1,60,-78,,,,,,,,,,,,,,,,,,,,,,,,,,,,,,,,,,,,
01/12/2017 10:59,model=Lenovo PB2-690Y_device=PB2PRO,32.17110715,34.81295,41,1,sirocco_2.4o,14:cc:20:09:3c:b9,11,-83,,,,,,,,,,,,,,,,,,,,,,,,,,,,,,,,,,,,
01/12/2017 10:59,model=Lenovo PB2-690Y_device=PB2PRO,32.17106862,34.81283207,36,1,DIR-825-4f83,80:26:89:0d:4f:84,1,-91,,,,,,,,,,,,,,,,,,,,,,,,,,,,,,,,,,,,
01/12/2017 10:59,model=SM-G950F_device=dreamlte,32.17092411,34.81275919,29.9988896,2,claire,cc:b2:55:67:2b:85,6,-90,Bezeq Free 672B84,62:b2:55:67:2b:86,6,-92,,,,,,,,,,,,,,,,,,,,,,,,,,,,,,,,
01/12/2017 10:59,model=Lenovo PB2-690Y_device=PB2PRO,32.17074693,34.8126719,38,2,Motti11,a4:2b:b0:d4:55:36,6,-82,motti-5ghz,a4:2b:b0:d4:55:38,40,-88,,,,,,,,,,,,,,,,,,,,,,,,,,,,,,,,
01/12/2017 10:59,model=Lenovo PB2-690Y_device=PB2PRO,32.1703328,34.8124744,40,1,hot,00:14:bf:42:7e:96,9,-88,,,,,,,,,,,,,,,,,,,,,,,,,,,,,,,,,,,,
01/12/2017 10:59,model=SM-G950F_device=dreamlte,32.17030296,34.81249259,30.93270635,1,ter123,70:4d:7b:0c:89:50,6,-83,,,,,,,,,,,,,,,,,,,,,,,,,,,,,,,,,,,,
01/12/2017 10:59,model=Lenovo PB2-690Y_device=PB2PRO,32.17013195,34.81237323,40,3,SIEMENS_LivingRoom,d4:6e:0e:3c:44:e1,1,-77,hot,00:14:bf:42:7e:96,9,-83,hot,18:d6:c7:97:bd:2a,11,-86,,,,,,,,,,,,,,,,,,,,,,,,,,,,
01/12/2017 10:59,model=SM-G950F_device=dreamlte,32.17009177,34.81239243,30.9611748,2,BezeqFree,5a:ab:1b:62:0d:fd,2,-85,geller,00:78:9e:fa:3b:62,11,-90,,,,,,,,,,,,,,,,,,,,,,,,,,,,,,,,
01/12/2017 10:59,model=Lenovo PB2-690Y_device=PB2PRO,32.16992123,34.81226934,40,1,landau,d4:7b:b0:79:65:fc,11,-89,,,,,,,,,,,,,,,,,,,,,,,,,,,,,,,,,,,,
01/12/2017 10:59,model=Lenovo PB2-690Y_device=PB2PRO,32.16969314,34.81217399,40,2,DIRECT-1C-HP DeskJet 3830 series,94:57:a5:4b:4f:41,6,-77,BezeqFree,06:ae:db:48:af:4d,9,-90,,,,,,,,,,,,,,,,,,,,,,,,,,,,,,,,
01/12/2017 10:59,model=SM-G950F_device=dreamlte,32.16964554,34.81219884,30.62408959,2,nina,20:0c:c8:2b:2a:14,11,-76,DIRECT-1C-HP DeskJet 3830 series,94:57:a5:4b:4f:41,6,-85,,,,,,,,,,,,,,,,,,,,,,,,,,,,,,,,
01/12/2017 10:59,model=SM-G950F_device=dreamlte,32.1694237,34.81210225,30.46032095,2,UFI_UF230_B3F,00:0b:6c:4d:1b:3f,6,-88,hot,00:1c:10:09:4f:bc,3,-90,,,,,,,,,,,,,,,,,,,,,,,,,,,,,,,,
01/12/2017 10:59,model=Lenovo PB2-690Y_device=PB2PRO,32.16928044,34.81198781,37,1,Home,82:2a:a8:bf:94:29,11,-70,,,,,,,,,,,,,,,,,,,,,,,,,,,,,,,,,,,,
01/12/2017 10:59,model=SM-G950F_device=dreamlte,32.16921658,34.8119993,30.24608018,2,WR,00:30:4f:82:7b:30,11,-89,klaiman,a0:ab:1b:62:0d:fc,2,-90,,,,,,,,,,,,,,,,,,,,,,,,,,,,,,,,
01/12/2017 10:59,model=Lenovo PB2-690Y_device=PB2PRO,32.16907948,34.81188495,38,1,Candan,c0:ff:d4:7b:82:30,1,-86,,,,,,,,,,,,,,,,,,,,,,,,,,,,,,,,,,,,
01/12/2017 10:59,model=SM-G950F_device=dreamlte,32.16902759,34.81191818,29.88889813,1,HOTBOX-651B,54:64:d9:5f:59:83,1,-77,,,,,,,,,,,,,,,,,,,,,,,,,,,,,,,,,,,,
01/12/2017 11:00,model=Lenovo PB2-690Y_device=PB2PRO,32.16887831,34.8118695,35,2,Mehta_Up,f8:d1:11:b8:3b:7e,6,-86,HOTBOX-8156,b4:ee:b4:a7:81:5c,1,-93,,,,,,,,,,,,,,,,,,,,,,,,,,,,,,,,
01/12/2017 11:00,model=Lenovo PB2-690Y_device=PB2PRO,32.16885362,34.81188449,36,1,LRWN,0c:f4:d5:29:a2:9c,36,-72,,,,,,,,,,,,,,,,,,,,,,,,,,,,,,,,,,,,
01/12/2017 11:00,model=Lenovo PB2-690Y_device=PB2PRO,32.16902986,34.81190459,33,1,Fuck Off,14:cc:20:da:ab:9a,11,-77,,,,,,,,,,,,,,,,,,,,,,,,,,,,,,,,,,,,
01/12/2017 11:00,model=Lenovo PB2-690Y_device=PB2PRO,32.16942426,34.81209986,36,1,Home,82:2a:a8:bf:93:e5,1,-85,,,,,,,,,,,,,,,,,,,,,,,,,,,,,,,,,,,,
01/12/2017 11:00,model=SM-G950F_device=dreamlte,32.16956689,34.81220666,29.98470751,1,nina,20:0c:c8:2b:2a:14,11,-71,,,,,,,,,,,,,,,,,,,,,,,,,,,,,,,,,,,,
01/12/2017 11:00,model=SM-G950F_device=dreamlte,32.169817,34.81230905,29.98143137,1,landau,74:da:38:14:4b:88,11,-86,,,,,,,,,,,,,,,,,,,,,,,,,,,,,,,,,,,,
01/12/2017 11:00,model=Lenovo PB2-690Y_device=PB2PRO,32.1699094,34.81230743,38,1,Mehta_Up,f8:d1:11:b8:3b:7e,6,-93,,,,,,,,,,,,,,,,,,,,,,,,,,,,,,,,,,,,
01/12/2017 11:00,model=SM-G950F_device=dreamlte,32.17005165,34.81239779,29.97798054,3,klaiman,a0:ab:1b:62:0d:fc,2,-83,LRWN,0c:f4:d5:29:a2:9c,36,-89,HOTBOX-651B,54:64:d9:5f:59:83,1,-92,,,,,,,,,,,,,,,,,,,,,,,,,,,,
01/12/2017 11:00,model=Lenovo PB2-690Y_device=PB2PRO,32.17010919,34.81240174,38,3,Siemens,d0:d4:12:5e:db:f2,11,-82,BezeqFree,5a:ab:1b:62:0d:fd,2,-82,HP-Print-8A-Deskjet 4640 series,8c:dc:d4:6a:a9:8a,11,-84,,,,,,,,,,,,,,,,,,,,,,,,,,,,
01/12/2017 11:00,model=SM-G950F_device=dreamlte,32.17019625,34.8124557,29.86115092,1,frank,e8:94:f6:e2:6e:4b,6,-65,,,,,,,,,,,,,,,,,,,,,,,,,,,,,,,,,,,,
01/12/2017 11:00,model=SM-G950F_device=dreamlte,32.17047604,34.81257716,29.67313485,3,ter123,70:4d:7b:0c:89:50,6,-75,UFI_UF230_B3F,00:0b:6c:4d:1b:3f,6,-81,hot,00:1c:10:09:4f:bc,3,-84,,,,,,,,,,,,,,,,,,,,,,,,,,,,
01/12/2017 11:00,model=Lenovo PB2-690Y_device=PB2PRO,32.17053537,34.81259485,37,1,Gillad-1_2.4,c4:04:15:64:e8:cc,11,-77,,,,,,,,,,,,,,,,,,,,,,,,,,,,,,,,,,,,
01/12/2017 11:00,model=SM-G950F_device=dreamlte,32.17065403,34.81268553,29.21502011,2,UFI_UF230_B3F,00:0b:6c:4d:1b:3f,6,-70,TUCHLER,00:26:5a:69:94:e3,6,-90,,,,,,,,,,,,,,,,,,,,,,,,,,,,,,,,
01/12/2017 11:00,model=Lenovo PB2-690Y_device=PB2PRO,32.17071158,34.81270666,38,1,TP-LINK_76C08E,14:cc:20:76:c0:8e,1,-85,,,,,,,,,,,,,,,,,,,,,,,,,,,,,,,,,,,,
01/12/2017 11:00,model=SM-G950F_device=dreamlte,32.17081209,34.81276766,28.92440372,1,Laufer-wifi,4c:60:de:51:8b:ca,11,-89,,,,,,,,,,,,,,,,,,,,,,,,,,,,,,,,,,,,
01/12/2017 11:00,model=SM-G950F_device=dreamlte,32.17095456,34.8128203,29.01169705,1,HP-Print-AF-Officejet Pro 6830,28:80:23:40:5f:af,6,-70,,,,,,,,,,,,,,,,,,,,,,,,,,,,,,,,,,,,
01/12/2017 11:00,model=Lenovo PB2-690Y_device=PB2PRO,32.17100176,34.81280707,37,1,Motti11,a4:2b:b0:d4:55:36,6,-74,,,,,,,,,,,,,,,,,,,,,,,,,,,,,,,,,,,,
01/12/2017 11:00,model=Lenovo PB2-690Y_device=PB2PRO,32.17119137,34.81287892,38,1,Siemens,d0:d4:12:5e:db:f2,11,-93,,,,,,,,,,,,,,,,,,,,,,,,,,,,,,,,,,,,
01/12/2017 11:00,model=SM-G950F_device=dreamlte,32.17178367,34.81296628,29.95561659,2,Oded 5Ghz,00:12:2a:e1:6c:4c,48,-89,Oded 2.4Ghz,00:12:2a:e1:6c:48,11,-89,,,,,,,,,,,,,,,,,,,,,,,,,,,,,,,,
01/12/2017 11:01,model=Lenovo PB2-690Y_device=PB2PRO,32.1718612,34.81297848,39,2,Oded,14:cc:20:76:b8:2a,11,-87,HOTBOX-747B,e8:d1:1b:72:74:81,1,-91,,,,,,,,,,,,,,,,,,,,,,,,,,,,,,,,
01/12/2017 11:01,model=Lenovo PB2-690Y_device=PB2PRO,32.17207279,34.81300217,38,1,DIR-825-4f83,80:26:89:0d:4f:84,1,-84,,,,,,,,,,,,,,,,,,,,,,,,,,,,,,,,,,,,
01/12/2017 11:01,model=SM-G950F_device=dreamlte,32.17221892,34.81300884,30.49784498,1,DIR-825-4f83,80:26:89:0d:4f:84,1,-78,,,,,,,,,,,,,,,,,,,,,,,,,,,,,,,,,,,,
01/12/2017 11:01,model=Lenovo PB2-690Y_device=PB2PRO,32.17226238,34.81302647,39,1,DIR-825-4f83,80:26:89:0d:4f:84,1,-76,,,,,,,,,,,,,,,,,,,,,,,,,,,,,,,,,,,,
01/12/2017 11:01,model=Lenovo PB2-690Y_device=PB2PRO,32.17239057,34.81308783,38,1,DIR-825-4f83,80:26:89:0d:4f:84,1,-70,,,,,,,,,,,,,,,,,,,,,,,,,,,,,,,,,,,,
01/12/2017 11:01,model=SM-G950F_device=dreamlte,32.17246213,34.81314408,30.73046077,1,DIR-825-4f83,80:26:89:0d:4f:84,1,-70,,,,,,,,,,,,,,,,,,,,,,,,,,,,,,,,,,,,
01/12/2017 11:01,model=Lenovo PB2-690Y_device=PB2PRO,32.17235589,34.81368604,36,2,lellouche,a4:2b:b0:ad:2d:34,5,-82,DIRECT-CC-HP DeskJet 4670 series,70:5a:0f:b2:64:cd,6,-93,,,,,,,,,,,,,,,,,,,,,,,,,,,,,,,,
01/12/2017 11:01,model=SM-G950F_device=dreamlte,32.17235934,34.81383248,31.35812287,2,Bezeq Free GA32E3,52:b0:ce:ac:32:98,1,-67,Lahav,08:3e:5d:5c:72:5e,11,-83,,,,,,,,,,,,,,,,,,,,,,,,,,,,,,,,
01/12/2017 11:01,model=Lenovo PB2-690Y_device=PB2PRO,32.17230215,34.81400233,37,2,sellahome,d8:fb:5e:17:47:f8,9,-89,Ben-Eliyahu_PC,80:1f:02:d4:9a:92,10,-92,,,,,,,,,,,,,,,,,,,,,,,,,,,,,,,,
01/12/2017 11:01,model=Lenovo PB2-690Y_device=PB2PRO,32.17227412,34.81420299,37,1,Orit,c4:a8:1d:12:7d:4c,6,-66,,,,,,,,,,,,,,,,,,,,,,,,,,,,,,,,,,,,
01/12/2017 11:01,model=SM-G950F_device=dreamlte,32.17229584,34.81426587,32.03668528,1,love,14:ae:db:58:73:75,1,-58,,,,,,,,,,,,,,,,,,,,,,,,,,,,,,,,,,,,
01/12/2017 11:03,model=Lenovo PB2-690Y_device=PB2PRO,32.17223176,34.81443004,45,1,HUAWEI-00F1,14:9d:09:80:00:f1,6,-85,,,,,,,,,,,,,,,,,,,,,,,,,,,,,,,,,,,,
01/12/2017 11:04,model=SM-G950F_device=dreamlte,32.17221785,34.81439829,49.17354104,1,BezeqFree,06:ae:db:58:73:75,1,-74,,,,,,,,,,,,,,,,,,,,,,,,,,,,,,,,,,,,
01/12/2017 11:04,model=SM-G950F_device=dreamlte,32.17227247,34.81408017,47.69363736,1,BezeqFree,06:ae:db:58:73:75,1,-57,,,,,,,,,,,,,,,,,,,,,,,,,,,,,,,,,,,,
01/12/2017 11:04,model=Lenovo PB2-690Y_device=PB2PRO,32.17232954,34.81388258,48,1,Basement,f4:f2:6d:af:45:26,3,-93,,,,,,,,,,,,,,,,,,,,,,,,,,,,,,,,,,,,
01/12/2017 11:04,model=SM-G950F_device=dreamlte,32.17230692,34.81390382,46.7222322,1,Lahav,fc:b4:e6:d2:86:9e,11,-81,,,,,,,,,,,,,,,,,,,,,,,,,,,,,,,,,,,,
01/12/2017 11:04,model=Lenovo PB2-690Y_device=PB2PRO,32.17242844,34.81312422,41,1,Orit,c4:a8:1d:12:7d:4c,6,-93,,,,,,,,,,,,,,,,,,,,,,,,,,,,,,,,,,,,
01/12/2017 11:04,model=Lenovo PB2-690Y_device=PB2PRO,32.17244679,34.81292387,39,1,sellahome,d8:fb:5e:17:47:f8,9,-90,,,,,,,,,,,,,,,,,,,,,,,,,,,,,,,,,,,,
01/12/2017 11:04,model=Lenovo PB2-690Y_device=PB2PRO,32.17247957,34.81271468,40,1,DIRECT-CC-HP DeskJet 4670 series,70:5a:0f:b2:64:cd,6,-67,,,,,,,,,,,,,,,,,,,,,,,,,,,,,,,,,,,,
01/12/2017 11:04,model=SM-G950F_device=dreamlte,32.17257422,34.81234245,43.21979902,2,HOTBOX1234,00:78:9e:f9:f5:5b,1,-81,DIRECT-56-HP OfficeJet 6950,30:e1:71:be:67:57,11,-90,,,,,,,,,,,,,,,,,,,,,,,,,,,,,,,,
01/12/2017 11:04,model=SM-G950F_device=dreamlte,32.17256794,34.81218573,43.0700849,2,Gil Kitchen,80:1f:02:a3:7d:62,6,-83,varda,c4:12:f5:85:27:c2,1,-87,,,,,,,,,,,,,,,,,,,,,,,,,,,,,,,,
01/12/2017 11:04,model=Lenovo PB2-690Y_device=PB2PRO,32.17237857,34.81205701,35,1,GFCM,14:ae:db:32:d5:c2,4,-92,,,,,,,,,,,,,,,,,,,,,,,,,,,,,,,,,,,,
01/12/2017 11:04,model=SM-G950F_device=dreamlte,32.17244369,34.81206366,42.9234122,2,kenley-up,88:dc:96:3b:f5:e0,6,-87,DIR-825-4f83,80:26:89:0d:4f:84,1,-89,,,,,,,,,,,,,,,,,,,,,,,,,,,,,,,,
01/12/2017 11:04,model=SM-G950F_device=dreamlte,32.17225038,34.81198974,42.69739355,1,varda,c4:12:f5:85:27:c2,1,-80,,,,,,,,,,,,,,,,,,,,,,,,,,,,,,,,,,,,
01/12/2017 11:04,model=Lenovo PB2-690Y_device=PB2PRO,32.17197416,34.81189999,33,2,Liza,8c:59:c3:ea:db:4a,1,-88,INGENEO,cc:b2:55:e8:4c:e6,6,-90,,,,,,,,,,,,,,,,,,,,,,,,,,,,,,,,
01/12/2017 11:05,model=SM-G950F_device=dreamlte,32.17177366,34.81183742,41.75368558,1,Liza,8c:59:c3:ea:db:4b,36,-91,,,,,,,,,,,,,,,,,,,,,,,,,,,,,,,,,,,,
01/12/2017 11:05,model=Lenovo PB2-690Y_device=PB2PRO,32.17153243,34.81172407,31,2,SEW132_23574336,08:97:58:31:e0:c6,3,-87,Shani - Green,54:b8:0a:34:78:d0,6,-88,,,,,,,,,,,,,,,,,,,,,,,,,,,,,,,,
01/12/2017 11:05,model=SM-G950F_device=dreamlte,32.1715574,34.81175227,41.42241716,1,SEW132_23574336,08:97:58:31:e0:c6,3,-85,,,,,,,,,,,,,,,,,,,,,,,,,,,,,,,,,,,,
01/12/2017 11:05,model=Lenovo PB2-690Y_device=PB2PRO,32.17131792,34.81162405,29,1,SEW132_23574336,08:97:58:31:e0:c6,3,-78,,,,,,,,,,,,,,,,,,,,,,,,,,,,,,,,,,,,
01/12/2017 11:05,model=SM-G950F_device=dreamlte,32.17134388,34.81166865,41.11423605,3,HOTBOX-1966,6c:2e:85:fe:da:b8,6,-75,SEW132_23574336,08:97:58:31:e0:c6,3,-79,ronkla2,3c:1e:04:07:2a:fe,6,-80,,,,,,,,,,,,,,,,,,,,,,,,,,,,
01/12/2017 11:05,model=Lenovo PB2-690Y_device=PB2PRO,32.17063751,34.81125367,31,1,David,c4:12:f5:82:92:78,9,-96,,,,,,,,,,,,,,,,,,,,,,,,,,,,,,,,,,,,
01/12/2017 11:05,model=SM-G950F_device=dreamlte,32.17043065,34.81119994,40.92626597,2,shlomi,d8:5d:4c:d9:c4:68,1,-65,gononsmarthome,18:cc:23:00:18:45,3,-89,,,,,,,,,,,,,,,,,,,,,,,,,,,,,,,,
01/12/2017 11:05,model=SM-G950F_device=dreamlte,32.1701938,34.81108804,41.08481809,1,stephane,00:24:2b:cf:13:21,1,-64,,,,,,,,,,,,,,,,,,,,,,,,,,,,,,,,,,,,
01/12/2017 11:05,model=Lenovo PB2-690Y_device=PB2PRO,32.16991824,34.81090236,25,1, ,fa:8f:ca:35:6e:e9,1,-86,,,,,,,,,,,,,,,,,,,,,,,,,,,,,,,,,,,,
01/12/2017 11:05,model=SM-G950F_device=dreamlte,32.16994496,34.81096824,41.15224303,2,Rozenkrants,86:2a:a8:a1:a0:b5,1,-89,RS_GUEST,ec:08:6b:38:0d:dd,12,-90,,,,,,,,,,,,,,,,,,,,,,,,,,,,,,,,
01/12/2017 11:05,model=Lenovo PB2-690Y_device=PB2PRO,32.16965679,34.81081664,26,1,oved-main,74:da:39:54:b8:1d,6,-79,,,,,,,,,,,,,,,,,,,,,,,,,,,,,,,,,,,,
01/12/2017 11:05,model=SM-G950F_device=dreamlte,32.16969384,34.81086099,40.95173659,2,oved-main_2EX,74:da:38:54:b8:1c,6,-80,bait,10:be:f5:3f:b2:ce,10,-92,,,,,,,,,,,,,,,,,,,,,,,,,,,,,,,,
01/12/2017 11:05,model=SM-G950F_device=dreamlte,32.16945778,34.81076505,40.54230602,2,Lili,c4:12:f5:f9:5c:7c,11,-79,HOTBOX-2E6E,b0:b2:8f:1e:ea:68,11,-81,,,,,,,,,,,,,,,,,,,,,,,,,,,,,,,,
01/12/2017 11:05,model=Lenovo PB2-690Y_device=PB2PRO,32.16902724,34.81057961,21,1,GFCM,14:ae:db:32:d5:c2,4,-95,,,,,,,,,,,,,,,,,,,,,,,,,,,,,,,,,,,,
01/12/2017 11:05,model=SM-G950F_device=dreamlte,32.16885855,34.81054028,39.92476461,1,RS_GUEST,e4:6f:13:71:f5:ce,9,-91,,,,,,,,,,,,,,,,,,,,,,,,,,,,,,,,,,,,
01/12/2017 11:05,model=Lenovo PB2-690Y_device=PB2PRO,32.16875936,34.81062936,19,3,simon,e4:6f:13:73:0a:c2,8,-79,HTC,06:c2:3e:e4:21:85,4,-86,LRWN,ec:8c:a2:09:dd:48,11,-87,,,,,,,,,,,,,,,,,,,,,,,,,,,,
01/12/2017 11:05,model=SM-G950F_device=dreamlte,32.16871463,34.81081987,39.79204611,1,A-Home,00:25:86:b1:6f:f8,6,-85,,,,,,,,,,,,,,,,,,,,,,,,,,,,,,,,,,,,
01/12/2017 11:05,model=SM-G950F_device=dreamlte,32.16871458,34.81107879,40.1458062,1,LRWN,0c:f4:d5:29:a2:9c,36,-89,,,,,,,,,,,,,,,,,,,,,,,,,,,,,,,,,,,,
01/12/2017 11:05,model=Lenovo PB2-690Y_device=PB2PRO,32.16883049,34.8117473,25,2,LRWN,ec:8c:a2:09:dd:48,11,-62,simon,e4:6f:13:73:0a:c2,8,-91,,,,,,,,,,,,,,,,,,,,,,,,,,,,,,,,
01/12/2017 11:05,model=SM-G950F_device=dreamlte,32.16881184,34.8117497,40.65000112,3,LRWN,0c:f4:d5:29:a2:9c,36,-83,HOTFiber-400D,40:65:a3:2b:62:22,6,-83,HP-Setup>77-M277 LaserJet,92:cd:b6:2b:e9:77,1,-87,,,,,,,,,,,,,,,,,,,,,,,,,,,,
01/12/2017 11:06,model=SM-G950F_device=dreamlte,32.16893476,34.81185601,40.33049913,1,LRWN,0c:f4:d5:29:a2:9c,36,-73,,,,,,,,,,,,,,,,,,,,,,,,,,,,,,,,,,,,
01/12/2017 11:06,model=SM-G950F_device=dreamlte,32.16931815,34.81204693,40.15779209,1,Home,82:2a:a8:bf:94:29,11,-74,,,,,,,,,,,,,,,,,,,,,,,,,,,,,,,,,,,,
01/12/2017 11:06,model=Lenovo PB2-690Y_device=PB2PRO,32.1695048,34.81211179,27,1,DIRECT-A5-HP DeskJet 3700 series,40:b0:34:62:33:a6,6,-87,,,,,,,,,,,,,,,,,,,,,,,,,,,,,,,,,,,,
01/12/2017 11:06,model=SM-G950F_device=dreamlte,32.16970425,34.81221241,40.24753875,1,InnovationEndeavors-guest,14:ae:db:48:af:4d,9,-91,,,,,,,,,,,,,,,,,,,,,,,,,,,,,,,,,,,,
01/12/2017 11:06,model=Lenovo PB2-690Y_device=PB2PRO,32.1698844,34.8123046,28,1,HOTBOX-8156,b4:ee:b4:a7:81:5c,1,-96,,,,,,,,,,,,,,,,,,,,,,,,,,,,,,,,,,,,
01/12/2017 11:06,model=SM-G950F_device=dreamlte,32.16988799,34.81228859,40.15438646,2,  InnovationEndeavors,74:da:38:a9:1c:df,2,-88,snapper1,00:78:9e:fa:0e:db,1,-91,,,,,,,,,,,,,,,,,,,,,,,,,,,,,,,,
01/12/2017 11:06,model=Lenovo PB2-690Y_device=PB2PRO,32.17005572,34.81236632,30,1,Siemens,d0:d4:12:5e:db:f2,11,-88,,,,,,,,,,,,,,,,,,,,,,,,,,,,,,,,,,,,
01/12/2017 11:06,model=SM-G950F_device=dreamlte,32.17005823,34.81236875,40.07246693,1,ter123,70:4d:7b:0c:89:50,6,-69,,,,,,,,,,,,,,,,,,,,,,,,,,,,,,,,,,,,
01/12/2017 11:06,model=Lenovo PB2-690Y_device=PB2PRO,32.17043367,34.8125393,30,1,InnovationEndeavors-guest,14:ae:db:48:af:4d,9,-94,,,,,,,,,,,,,,,,,,,,,,,,,,,,,,,,,,,,
01/12/2017 11:06,model=Lenovo PB2-690Y_device=PB2PRO,32.17062832,34.81264147,30,2,UFI_UF230_B3F,00:0b:6c:4d:1b:3f,6,-58,Oded,14:cc:20:76:b8:2a,11,-82,,,,,,,,,,,,,,,,,,,,,,,,,,,,,,,,
01/12/2017 11:06,model=SM-G950F_device=dreamlte,32.17081506,34.81272096,39.90215021,1,TP-LINK_76C08E,14:cc:20:76:c0:8e,1,-84,,,,,,,,,,,,,,,,,,,,,,,,,,,,,,,,,,,,
01/12/2017 11:06,model=Lenovo PB2-690Y_device=PB2PRO,32.17104463,34.81283858,28,1,klaiman,a0:ab:1b:62:0d:fc,2,-95,,,,,,,,,,,,,,,,,,,,,,,,,,,,,,,,,,,,
01/12/2017 11:06,model=Lenovo PB2-690Y_device=PB2PRO,32.17123718,34.81290186,30,2,maya salon,c4:a8:1d:12:df:c5,1,-94,@Cafe,52:a8:1d:12:df:c4,1,-94,,,,,,,,,,,,,,,,,,,,,,,,,,,,,,,,
01/12/2017 11:06,model=SM-G950F_device=dreamlte,32.17122086,34.81289552,39.73559705,1,DIR-825-4f83,80:26:89:0d:4f:84,1,-87,,,,,,,,,,,,,,,,,,,,,,,,,,,,,,,,,,,,
01/12/2017 11:06,model=Lenovo PB2-690Y_device=PB2PRO,32.17144111,34.81293238,31,2,DIRECT-75-HP DeskJet 4670 series,b0:5a:da:fa:44:76,6,-85,ELDAD,10:0d:7f:80:17:80,11,-95,,,,,,,,,,,,,,,,,,,,,,,,,,,,,,,,
01/12/2017 11:06,model=Lenovo PB2-690Y_device=PB2PRO,32.17167256,34.81294533,30,1,UFI_UF230_B3F,00:0b:6c:4d:1b:3f,6,-90,,,,,,,,,,,,,,,,,,,,,,,,,,,,,,,,,,,,
01/12/2017 11:06,model=Lenovo PB2-690Y_device=PB2PRO,32.1718793,34.81297015,30,2,HOTBOX-2017,c0:ac:54:f5:7d:bd,11,-89,Oded,14:cc:20:76:b8:2a,11,-91,,,,,,,,,,,,,,,,,,,,,,,,,,,,,,,,
01/12/2017 11:06,model=SM-G950F_device=dreamlte,32.17184565,34.81297115,39.68353275,1,HOTBOX-2017,c0:ac:54:f5:7d:bd,11,-89,,,,,,,,,,,,,,,,,,,,,,,,,,,,,,,,,,,,
01/12/2017 11:06,model=SM-G950F_device=dreamlte,32.17203899,34.81300152,39.46989889,1,DIR-825-4f83,80:26:89:0d:4f:84,1,-81,,,,,,,,,,,,,,,,,,,,,,,,,,,,,,,,,,,,
01/12/2017 11:06,model=SM-G950F_device=dreamlte,32.17236326,34.81307622,39.21219724,1,DIR-825-4f83,80:26:89:0d:4f:84,1,-74,,,,,,,,,,,,,,,,,,,,,,,,,,,,,,,,,,,,
01/12/2017 11:06,model=Lenovo PB2-690Y_device=PB2PRO,32.17240723,34.81310031,28,1,ELDAD,10:0d:7f:80:17:80,11,-82,,,,,,,,,,,,,,,,,,,,,,,,,,,,,,,,,,,,
01/12/2017 11:06,model=Lenovo PB2-690Y_device=PB2PRO,32.1724394,34.81321284,29,1,HOTBOX-1A14,00:07:26:4f:07:ae,6,-86,,,,,,,,,,,,,,,,,,,,,,,,,,,,,,,,,,,,
01/12/2017 11:07,model=SM-G950F_device=dreamlte,32.17240575,34.81330742,38.95348705,1,DIR-825-4f83,80:26:89:0d:4f:84,1,-66,,,,,,,,,,,,,,,,,,,,,,,,,,,,,,,,,,,,
01/12/2017 11:07,model=Lenovo PB2-690Y_device=PB2PRO,32.17241585,34.81336604,28,1,sellahome,d8:fb:5e:17:47:f8,9,-82,,,,,,,,,,,,,,,,,,,,,,,,,,,,,,,,,,,,
01/12/2017 11:07,model=SM-G950F_device=dreamlte,32.17238245,34.81347918,38.90856297,1,Bezeq Free GA32E3,52:b0:ce:ac:32:98,1,-62,,,,,,,,,,,,,,,,,,,,,,,,,,,,,,,,,,,,
01/12/2017 11:07,model=Lenovo PB2-690Y_device=PB2PRO,32.17233583,34.81372174,33,1,DIRECT-CC-HP DeskJet 4670 series,70:5a:0f:b2:64:cd,6,-95,,,,,,,,,,,,,,,,,,,,,,,,,,,,,,,,,,,,
01/12/2017 11:07,model=Lenovo PB2-690Y_device=PB2PRO,32.17230093,34.81393684,34,2,Orit,c4:a8:1d:12:7d:4c,6,-78,Basement,f4:f2:6d:af:45:26,3,-87,,,,,,,,,,,,,,,,,,,,,,,,,,,,,,,,
01/12/2017 11:07,model=SM-G950F_device=dreamlte,32.17228718,34.81407568,39.7656339,1,Orit,c4:a8:1d:12:7d:4c,6,-57,,,,,,,,,,,,,,,,,,,,,,,,,,,,,,,,,,,,
01/12/2017 11:07,model=Lenovo PB2-690Y_device=PB2PRO,32.17226588,34.81413733,37,1,Orit,c4:a8:1d:12:7d:4c,6,-64,,,,,,,,,,,,,,,,,,,,,,,,,,,,,,,,,,,,
01/12/2017 11:07,model=SM-G950F_device=dreamlte,32.17225794,34.81441454,40.08129431,2,Km,48:ee:0c:3d:eb:b8,9,-85,HUAWEI-009D,14:9d:09:80:00:9d,4,-86,,,,,,,,,,,,,,,,,,,,,,,,,,,,,,,,
01/12/2017 11:09,model=Lenovo PB2-690Y_device=PB2PRO,32.17237924,34.81348839,36,1,HOTBOX-1234,7c:03:4c:ba:f5:5a,6,-75,,,,,,,,,,,,,,,,,,,,,,,,,,,,,,,,,,,,
01/12/2017 11:09,model=Lenovo PB2-690Y_device=PB2PRO,32.17249007,34.81279901,35,2,dobry2016,6c:b0:ce:ac:32:9b,1,-89,Bezeq Free GA32E3,52:b0:ce:ac:32:98,1,-90,,,,,,,,,,,,,,,,,,,,,,,,,,,,,,,,
01/12/2017 11:09,model=Lenovo PB2-690Y_device=PB2PRO,32.17254002,34.81256671,36,3,DIRECT-CC-HP DeskJet 4670 series,70:5a:0f:b2:64:cd,6,-68,ELDAD,10:0d:7f:80:17:80,11,-77,Lahav,b0:b2:8f:01:ad:fe,11,-87,,,,,,,,,,,,,,,,,,,,,,,,,,,,
01/12/2017 11:09,model=Lenovo PB2-690Y_device=PB2PRO,32.1723185,34.81202557,33,2,Candan,c0:ff:d4:7b:82:30,1,-89,KaymeraDev,00:f6:63:15:58:81,1,-90,,,,,,,,,,,,,,,,,,,,,,,,,,,,,,,,
01/12/2017 11:09,model=Lenovo PB2-690Y_device=PB2PRO,32.17206721,34.81192728,32,2,KaymeraGuest,00:f6:63:15:58:82,1,-94,alfa,f4:f2:6d:5e:d0:48,11,-96,,,,,,,,,,,,,,,,,,,,,,,,,,,,,,,,
01/12/2017 11:09,model=Lenovo PB2-690Y_device=PB2PRO,32.17180755,34.81183239,31,1,BezeqNGN_10072E_5GHz_1,c4:04:15:60:6a:b6,48,-82,,,,,,,,,,,,,,,,,,,,,,,,,,,,,,,,,,,,
01/12/2017 11:09,model=Lenovo PB2-690Y_device=PB2PRO,32.17106538,34.81150977,30,3,G10,c0:ac:54:f8:0c:ac,11,-94,TP-LINK-BET,f8:d1:11:ce:e5:e6,4,-96,HP-Print-AF-Officejet Pro 6830,28:80:23:40:5f:af,6,-96,,,,,,,,,,,,,,,,,,,,,,,,,,,,
01/12/2017 11:10,model=Lenovo PB2-690Y_device=PB2PRO,32.17043936,34.81118089,29,4,Hetz2,74:da:38:6c:89:7b,1,-83,DIRECT-85-HP OfficeJet Pro 6960,98:e7:f4:0a:dd:86,6,-89,RDK,58:b6:33:34:ae:f8,11,-91,gononsmarthome,18:cc:23:00:18:45,3,-92,,,,,,,,,,,,,,,,,,,,,,,,
01/12/2017 11:10,model=Lenovo PB2-690Y_device=PB2PRO,32.16967507,34.81084759,30,1,  InnovationEndeavors,74:da:38:a9:1c:df,2,-92,,,,,,,,,,,,,,,,,,,,,,,,,,,,,,,,,,,,
01/12/2017 11:10,model=Lenovo PB2-690Y_device=PB2PRO,32.16931851,34.81071738,31,1,Alpha125,10:fe:ed:74:fc:46,1,-92,,,,,,,,,,,,,,,,,,,,,,,,,,,,,,,,,,,,
01/12/2017 11:10,model=Lenovo PB2-690Y_device=PB2PRO,32.16874453,34.81063066,28,3,INGENEO,cc:b2:55:e8:4c:e6,6,-88,Candan,c0:ff:d4:7b:82:30,1,-88,simon,e4:6f:13:73:0a:c2,8,-90,,,,,,,,,,,,,,,,,,,,,,,,,,,,
01/12/2017 11:10,model=Lenovo PB2-690Y_device=PB2PRO,32.16871788,34.811185,29,1,Avisky,00:78:9e:fa:b2:d0,11,-91,,,,,,,,,,,,,,,,,,,,,,,,,,,,,,,,,,,,
01/12/2017 11:10,model=Lenovo PB2-690Y_device=PB2PRO,32.16879785,34.81168165,32,1,Talfamily2,90:8d:78:b6:28:f6,5,-62,,,,,,,,,,,,,,,,,,,,,,,,,,,,,,,,,,,,
01/12/2017 11:10,model=Lenovo PB2-690Y_device=PB2PRO,32.16894005,34.81185931,31,1,Candan,c0:ff:d4:7b:82:30,1,-95,,,,,,,,,,,,,,,,,,,,,,,,,,,,,,,,,,,,
01/12/2017 11:10,model=Lenovo PB2-690Y_device=PB2PRO,32.16968439,34.8121884,31,1,HOTBOX-C18E,e0:ce:c3:8c:c1:94,1,-93,,,,,,,,,,,,,,,,,,,,,,,,,,,,,,,,,,,,
01/12/2017 11:10,model=Lenovo PB2-690Y_device=PB2PRO,32.16991843,34.81229315,30,2,UFI_UF230_B3F,00:0b:6c:4d:1b:3f,6,-91,snapper1,00:78:9e:fa:0e:db,1,-93,,,,,,,,,,,,,,,,,,,,,,,,,,,,,,,,
01/12/2017 11:10,model=Lenovo PB2-690Y_device=PB2PRO,32.17035702,34.81248459,32,2,HOTBOX-62EF,d8:fb:5e:17:62:f5,1,-80,UFI_UF230_B3F,00:0b:6c:4d:1b:3f,6,-85,,,,,,,,,,,,,,,,,,,,,,,,,,,,,,,,
01/12/2017 11:11,model=Lenovo PB2-690Y_device=PB2PRO,32.17056857,34.81258185,32,2,UFI_UF230_B3F,00:0b:6c:4d:1b:3f,6,-73,Oded,14:cc:20:76:b8:2a,11,-94,,,,,,,,,,,,,,,,,,,,,,,,,,,,,,,,
01/12/2017 11:11,model=Lenovo PB2-690Y_device=PB2PRO,32.17072078,34.81264811,34,2,Oded,14:cc:20:76:b8:2a,11,-72,HOTBOX-2017,c0:ac:54:f5:7d:bd,11,-89,,,,,,,,,,,,,,,,,,,,,,,,,,,,,,,,
01/12/2017 11:11,model=Lenovo PB2-690Y_device=PB2PRO,32.1710117,34.81277801,37,2,HOTBOX-2017,c0:ac:54:f5:7d:bd,11,-72,HP-Print-AF-Officejet Pro 6830,28:80:23:40:5f:af,6,-84,,,,,,,,,,,,,,,,,,,,,,,,,,,,,,,,
01/12/2017 11:11,model=Lenovo PB2-690Y_device=PB2PRO,32.17146616,34.81290244,38,2,hot,00:1c:10:09:4f:bc,3,-84,Floor 2,74:da:38:b6:f3:7a,2,-94,,,,,,,,,,,,,,,,,,,,,,,,,,,,,,,,
01/12/2017 11:11,model=Lenovo PB2-690Y_device=PB2PRO,32.17168939,34.8129304,36,1,UFI_UF230_B3F,00:0b:6c:4d:1b:3f,6,-87,,,,,,,,,,,,,,,,,,,,,,,,,,,,,,,,,,,,
01/12/2017 11:11,model=Lenovo PB2-690Y_device=PB2PRO,32.17192126,34.81295967,34,3,Oded 5Ghz,00:12:2a:e1:6c:4c,48,-87,Oded,14:cc:20:76:b8:2a,11,-94,Oded 2.4Ghz,00:12:2a:e1:6c:48,11,-94,,,,,,,,,,,,,,,,,,,,,,,,,,,,
01/12/2017 11:11,model=Lenovo PB2-690Y_device=PB2PRO,32.17238006,34.81359923,34,2,Lahav,b0:b2:8f:01:ad:fe,11,-88,DIRECT-CC-HP DeskJet 4670 series,70:5a:0f:b2:64:cd,6,-94,,,,,,,,,,,,,,,,,,,,,,,,,,,,,,,,
01/12/2017 11:11,model=Lenovo PB2-690Y_device=PB2PRO,32.17233383,34.81384954,37,3,Lahav,b0:b2:8f:01:ad:fe,11,-74,dobry2016,6c:b0:ce:ac:32:9b,1,-84,Bezeq Free GA32E3,52:b0:ce:ac:32:98,1,-86,,,,,,,,,,,,,,,,,,,,,,,,,,,,
01/12/2017 11:11,model=Lenovo PB2-690Y_device=PB2PRO,32.17231097,34.81407594,39,1,DIRECT-F6-HP DeskJet 3830 series,30:e1:71:fb:1e:f7,11,-92,,,,,,,,,,,,,,,,,,,,,,,,,,,,,,,,,,,,
